invoice_id,vendor_id,invoice_date,due_date,payment_date,total_amount,payment_status,payment_terms,payment_terms_days,days_to_payment,days_overdue,is_overdue,line_item_diversity,discount_rate_achieved,reconciliation_flag
INV-B5E84FF4,VND-004,2022-04-14,2022-04-14,2022-05-17,675543.49,paid,NET30,0,33,0,false,6,,OK
INV-1CBC81CF,VND-008,2022-08-11,2022-11-08,,280090.14,pending,NET30,89,,1191,true,4,,OK
INV-DE6B152F,VND-006,2023-08-10,2023-08-10,2023-11-06,175232.85,paid,NET15,0,88,0,false,5,,OK
INV-22095E76,VND-002,2023-06-06,2023-06-06,,37848.43,overdue,NET45,0,,981,true,0,,MISMATCH
INV-0223E74D,VND-008,2024-04-14,2024-04-14,2024-05-28,-39135.58,paid,NET30,0,44,0,false,1,,MISMATCH
INV-2226EC9D,VND-003,2023-11-14,2023-11-14,,662643.86,overdue,NET30,0,,820,true,5,,OK
INV-3F22F890,VND-001,2023-05-20,2023-05-20,2023-07-16,5801.91,paid,NET30,0,57,0,false,1,,OK
INV-E027CB4F,VND-004,2023-01-01,2023-01-01,2023-02-28,330918.13,paid,NET30,0,58,0,false,6,,OK
INV-6911263C,VND-009,2024-06-14,2024-06-14,,104977.97,pending,NET30,0,,607,true,2,,OK
INV-BD273185,VND-008,2024-05-29,2024-05-29,,36873.11,pending,NET30,0,,623,true,2,,OK
INV-C19574BB,VND-007,2023-02-23,2023-02-23,2023-02-28,36476.03,paid,NET30,0,5,0,false,1,,MISMATCH
INV-CDACA0CE,VND-001,2022-11-10,2022-11-10,2022-11-23,159494.93,partial,NET30,0,13,1189,true,2,,OK
INV-53567689,VND-005,2023-04-01,2023-04-01,2023-04-19,384334.06,paid,NET30,0,18,0,false,6,,OK
INV-3699049C,VND-007,2024-04-11,2024-11-04,2024-06-04,260177.79,paid,NET30,207,54,0,false,3,,MISMATCH
INV-538797D0,VND-005,2024-02-24,2024-02-24,2024-03-31,304315.96,paid,NET30,0,36,0,false,3,,MISMATCH
INV-8ACBF4D7,VND-003,2024-11-19,2024-11-19,2025-01-15,186418.63,paid,NET30,0,57,0,false,4,,OK
INV-9A4F3E54,VND-003,2024-09-05,2024-09-05,,-3544.46,disputed,NET30,0,,524,true,1,,OK
INV-A1266960,VND-003,2024-09-19,2024-09-19,,199840.43,disputed,NET30,0,,510,true,6,,MISMATCH
INV-64C4F81C,VND-005,2023-07-23,2023-07-23,2023-08-16,233571.72,paid,NET30,0,24,0,false,5,,OK
INV-5001E0D2,VND-007,2022-12-13,2022-12-13,2023-01-21,708113.26,partial,NET30,0,39,1156,true,8,,MISMATCH
INV-795EDE3F,VND-002,2023-05-26,2023-05-26,2023-07-14,521005.69,paid,NET45,0,49,0,false,7,,OK
INV-BEBF9C44,VND-008,2023-09-04,2023-09-04,,246163.26,pending,NET30,0,,891,true,2,,OK
INV-D2BDEF58,VND-005,2023-06-24,2023-06-24,2023-07-04,17547.08,partial,NET30,0,10,963,true,3,,OK
INV-4661C3F1,VND-004,2023-10-30,2023-10-30,,-2662.87,overdue,NET30,0,,835,true,2,,OK
INV-905F5191,VND-003,2022-10-11,2022-10-11,2022-11-05,392193.98,paid,NET30,0,25,0,false,4,,OK
INV-B131C2EE,VND-003,2022-12-29,2022-12-29,2023-01-06,108187.06,paid,NET30,0,8,0,false,4,,OK
INV-707CBCB6,VND-002,2024-04-02,2024-04-02,2024-04-18,213476.24,paid,NET45,0,16,0,false,2,,MISMATCH
INV-5E00DFA1,VND-004,2024-09-24,2024-09-24,2024-10-04,687078.26,paid,NET30,0,10,0,false,7,,OK
INV-B13EC8FA,VND-002,2022-10-29,2022-10-29,2022-11-10,17401.78,partial,NET45,0,12,1201,true,1,,OK
INV-DAD87068,VND-003,2024-04-25,2024-04-25,2024-06-06,433732.13,paid,NET30,0,42,0,false,6,,MISMATCH
INV-1CEA7338,VND-006,2022-08-31,2022-08-31,,1173560.74,disputed,NET15,0,,1260,true,7,,MISMATCH
INV-4E663C5B,VND-006,2023-05-01,2023-05-01,,172060.29,pending,NET15,0,,1017,true,1,,MISMATCH
INV-C7DB3C60,VND-008,2023-07-10,2023-10-07,2023-07-30,351590.48,paid,NET30,89,20,0,false,3,,OK
INV-64456DCD,VND-008,2023-01-16,2023-01-16,2023-03-02,658388.64,paid,NET30,0,45,0,false,7,,OK
INV-04501387,VND-001,2024-05-14,2024-05-14,2024-06-11,37707.13,partial,NET30,0,28,638,true,1,,OK
INV-B1BFF76C,VND-005,2024-09-19,2024-09-19,,653380.8,pending,NET30,0,,510,true,6,,OK
INV-86081C03,VND-002,2024-07-19,2024-07-19,2024-08-10,256912.33,paid,NET45,0,22,0,false,6,,MISMATCH
INV-8DA8EA5D,VND-004,2024-08-14,2024-08-14,2024-10-05,435205.93,paid,NET30,0,52,0,false,1,,OK
INV-FAFBDE33,VND-004,2024-03-26,2024-03-26,,-1859.47,disputed,NET30,0,,687,true,1,,MISMATCH
INV-71F5675F,VND-007,2024-01-06,2024-01-06,,365391.97,overdue,NET30,0,,767,true,4,,OK
INV-FE609EC6,VND-008,2024-03-06,2024-06-03,2024-04-16,203587.91,paid,NET30,89,41,0,false,1,,MISMATCH
INV-F4B582A4,VND-008,2024-03-05,2024-05-03,2024-05-10,84433.7,paid,NET30,59,66,0,false,1,,OK
INV-90FCF8D9,VND-003,2023-08-24,2023-08-24,,190143.66,disputed,NET30,0,,902,true,3,,MISMATCH
INV-AB06E109,VND-005,2024-12-26,2024-12-26,,122710.27,overdue,NET30,0,,412,true,3,,OK
INV-71ECE270,VND-007,2024-10-21,2024-10-21,2024-10-26,399617.55,paid,NET30,0,5,0,false,3,,OK
INV-49A54DC1,VND-007,2023-09-04,2023-04-09,2023-10-04,-12682.63,paid,NET30,-148,30,0,false,2,,MISMATCH
INV-00564E2B,VND-006,2024-05-15,2024-05-15,,54206.65,disputed,NET15,0,,637,true,3,,OK
INV-67A772CC,VND-002,2023-07-23,2023-07-23,,277719.49,pending,NET45,0,,934,true,5,,MISMATCH
INV-C6ACD9D5,VND-002,2024-05-05,2024-05-05,,19044.12,pending,NET45,0,,647,true,1,,OK
INV-014FA67A,VND-007,2023-01-05,2023-05-01,,796983.44,disputed,NET30,116,,1017,true,7,,OK
INV-7C529E4D,VND-007,2023-07-26,2023-07-26,,493211.5,overdue,NET30,0,,931,true,6,,OK
INV-21691BCF,VND-008,2023-11-16,2023-11-16,2023-11-24,221427.79,paid,NET30,0,8,0,false,3,,OK
INV-A2B15C81,VND-005,2022-06-25,2022-06-25,2022-07-27,480117.98,partial,NET30,0,32,1327,true,7,,OK
INV-DEECDA1C,VND-004,2024-03-06,2024-03-06,2024-05-01,51516.06,paid,NET30,0,56,0,false,3,,MISMATCH
INV-16369387,VND-001,2022-08-06,2022-08-06,2022-10-03,253369.08,paid,NET30,0,58,0,false,3,,OK
INV-113BA1F6,VND-002,2022-11-26,2022-11-26,,162646.8,pending,NET45,0,,1173,true,4,,MISMATCH
INV-41503FC1,VND-003,2022-02-02,2022-02-02,,100348.49,pending,NET30,0,,1470,true,2,,OK
INV-8B09037B,VND-007,2022-09-13,2022-09-13,2022-10-15,103047.86,paid,NET30,0,32,0,false,1,,MISMATCH
INV-B325EFD7,VND-002,2022-09-27,2022-09-27,,275776.32,disputed,NET45,0,,1233,true,5,,MISMATCH
INV-D5E39554,VND-008,2022-07-12,2022-07-12,2022-08-27,592795.16,paid,NET30,0,46,0,false,7,,OK
INV-D1E67DDF,VND-004,2022-09-12,2022-12-09,2022-10-09,392898.5,partial,NET30,88,27,1160,true,4,,MISMATCH
INV-86A92BD6,VND-003,2022-07-02,2022-02-07,,566221.78,pending,NET30,-145,,1465,true,6,,OK
INV-00A60E20,VND-006,2024-06-03,2024-06-03,,497455.45,pending,NET15,0,,618,true,6,,OK
INV-A300AF13,VND-001,2024-10-16,2024-10-16,2024-10-25,514960.76,partial,NET30,0,9,483,true,5,,OK
INV-57D18AD8,VND-002,2022-05-18,2022-05-18,,368110.79,pending,NET45,0,,1365,true,5,,OK
INV-AEF9E641,VND-003,2024-06-23,2024-06-23,2024-07-19,226266.69,partial,NET30,0,26,598,true,3,,OK
INV-97E838CE,VND-001,2022-02-04,2022-02-04,,504788.13,pending,NET30,0,,1468,true,5,,OK
INV-0BDA6880,VND-002,2022-05-03,2022-05-03,,11166.31,disputed,NET45,0,,1380,true,1,,MISMATCH
INV-70A57D50,VND-001,2023-07-24,2023-07-24,2023-08-28,136487.29,paid,NET30,0,35,0,false,2,,OK
INV-2554C1C2,VND-002,2024-06-13,2024-06-13,,230272.11,overdue,NET45,0,,608,true,4,,OK
INV-0F9CEB5F,VND-008,2023-10-23,2023-10-23,,239972.02,overdue,NET30,0,,842,true,4,,OK
INV-6DE21514,VND-005,2024-05-28,2024-05-28,2024-06-04,273685.3,partial,NET30,0,7,624,true,3,,MISMATCH
INV-D95827EE,VND-002,2024-01-29,2024-01-29,2024-04-02,273783.91,paid,NET45,0,64,0,false,5,,OK
INV-839CDB0C,VND-005,2022-03-20,2022-03-20,,483424.76,pending,NET30,0,,1424,true,4,,OK
INV-A30BE18D,VND-001,2024-06-30,2024-06-30,,8527.18,pending,NET30,0,,591,true,1,,MISMATCH
INV-CB6E9C44,VND-007,2023-02-02,2023-02-02,2023-03-03,82500.79,partial,NET30,0,29,1105,true,3,,MISMATCH
INV-C2708FAD,VND-003,2022-02-18,2022-02-18,,26730.64,overdue,NET30,0,,1454,true,2,,OK
INV-7D814F67,VND-002,2024-09-12,2024-09-12,,21536.4,overdue,NET45,0,,517,true,1,,OK
INV-CECCC9FB,VND-004,2023-12-10,2023-12-10,,64463.06,disputed,NET30,0,,794,true,3,,OK
INV-C12BEDC9,VND-004,2023-12-19,2023-12-19,,300449.12,overdue,NET30,0,,785,true,2,,OK
INV-E8484BB2,VND-007,2023-09-29,2023-09-29,2023-10-11,180318.91,paid,NET30,0,12,0,false,3,,MISMATCH
INV-7AB7D8A5,VND-006,2024-07-16,2024-07-16,2024-07-27,144955.31,partial,NET15,0,11,575,true,2,,MISMATCH
INV-D91DBDEC,VND-008,2024-07-28,2024-07-28,2024-08-08,937652.66,partial,NET30,0,11,563,true,7,,OK
INV-33410545,VND-008,2024-01-21,2024-01-21,2024-03-12,722513.89,paid,NET30,0,51,0,false,7,,MISMATCH
INV-DC25951C,VND-008,2024-06-25,2024-06-25,,347281.48,overdue,NET30,0,,596,true,6,,MISMATCH
INV-EAAFE5DD,VND-003,2022-07-12,2022-07-12,,397043.4,overdue,NET30,0,,1310,true,2,,MISMATCH
INV-8C4CB850,VND-007,2022-06-29,2022-06-29,,97447.88,overdue,NET30,0,,1323,true,4,,OK
INV-21FF86D7,VND-002,2024-08-19,2024-08-19,,499583.5,pending,NET45,0,,541,true,4,,OK
INV-D49B5A47,VND-002,2024-09-27,2024-09-27,2024-11-03,573042.91,paid,NET45,0,37,0,false,7,,MISMATCH
INV-623BAC59,VND-008,2023-03-13,2023-03-13,2023-04-09,550194.3,paid,NET30,0,27,0,false,6,,OK
INV-A33770B8,VND-007,2023-10-17,2023-10-17,2023-12-02,179541.61,partial,NET30,0,46,848,true,3,,OK
INV-E3555C7D,VND-002,2024-10-03,2024-10-03,2024-10-09,155555.9,paid,NET45,0,6,0,false,4,,OK
INV-9817BEE2,VND-002,2022-06-08,2022-06-08,2022-07-10,337708.89,paid,NET45,0,32,0,false,4,,OK
INV-CDE72DDE,VND-005,2024-07-31,2024-07-31,2024-08-25,71180.3,partial,NET30,0,25,560,true,2,,MISMATCH
INV-BD9BFC98,VND-005,2024-09-03,2024-03-09,2024-09-25,509096.29,partial,NET30,-178,22,704,true,5,,OK
INV-F6C0B6F8,VND-007,2023-12-07,2023-12-07,2023-06-28,473699.52,partial,NET30,0,-162,797,true,7,,OK
INV-A6AECF60,VND-005,2023-10-09,2023-09-10,,118169.26,disputed,NET30,-29,,885,true,2,,OK
INV-3A3902E3,VND-004,2022-01-25,2022-01-25,2022-03-16,178254.68,paid,NET30,0,50,0,false,2,,OK
INV-C67A3C52,VND-005,2022-05-27,2022-05-27,2022-06-23,94722.05,paid,NET30,0,27,0,false,2,,OK
INV-60B174EC,VND-007,2022-12-09,2022-09-12,,142543.55,disputed,NET30,-88,,1248,true,1,,OK
INV-15DDA2A1,VND-004,2024-01-25,2024-01-25,,221932.45,disputed,NET30,0,,748,true,4,,OK
INV-5D143B4E,VND-003,2022-10-07,2022-10-07,2022-10-26,324272.98,paid,NET30,0,19,0,false,5,,OK
INV-75E61471,VND-005,2023-05-15,2023-05-15,2023-06-27,611857.88,paid,NET30,0,43,0,false,6,,OK
INV-FC8DEC8E,VND-006,2023-04-10,2023-10-04,2023-05-10,420071.37,paid,NET15,177,30,0,false,5,,MISMATCH
INV-B00595E9,VND-008,2024-02-29,2024-02-29,2024-04-02,306286.22,paid,NET30,0,33,0,false,6,,OK
INV-10AF6CD4,VND-002,2024-01-04,2024-04-01,,41391.03,pending,NET45,88,,681,true,3,,OK
INV-7A59D5C7,VND-008,2024-09-17,2024-09-17,,121240.91,pending,NET30,0,,512,true,4,,OK
INV-83A20E58,VND-004,2024-11-25,2024-11-25,,60519.26,disputed,NET30,0,,443,true,2,,MISMATCH
INV-AB4EF78B,VND-002,2024-08-17,2024-08-17,2024-10-23,124055.88,paid,NET45,0,67,0,false,3,,MISMATCH
INV-F51168C8,VND-003,2022-06-04,2022-06-04,2022-06-21,116437.42,partial,NET30,0,17,1348,true,3,,OK
INV-1618D4E4,VND-008,2024-04-12,2024-12-04,,334021.93,disputed,NET30,236,,434,true,5,,OK
INV-59BA39CB,VND-001,2024-06-24,2024-06-24,2024-08-23,363894.59,paid,NET30,0,60,0,false,3,,OK
INV-99565A44,VND-002,2024-09-30,2024-09-30,,789838.87,pending,NET45,0,,499,true,8,,OK
INV-2DCA9630,VND-007,2024-01-07,2024-07-01,2024-01-27,96749.88,paid,NET30,176,20,0,false,1,,OK
INV-64E94641,VND-007,2023-12-16,2023-12-16,2023-12-28,293677.87,paid,NET30,0,12,0,false,4,,OK
INV-1D7DBE69,VND-005,2023-10-08,2023-10-08,,233369.46,overdue,NET30,0,,857,true,4,,MISMATCH
INV-8AA33B3D,VND-007,2024-12-28,2024-12-28,2025-02-08,283109.8,partial,NET30,0,42,410,true,5,,OK
INV-ED930431,VND-007,2023-02-27,2023-02-27,,476314.82,overdue,NET30,0,,1080,true,5,,MISMATCH
INV-481B6051,VND-008,2023-08-01,2023-01-08,,731347.11,pending,NET30,-205,,1130,true,6,,MISMATCH
INV-A4D31F79,VND-008,2023-01-24,2023-01-24,,364681.33,pending,NET30,0,,1114,true,5,,OK
INV-456E808E,VND-007,2022-06-03,2022-03-06,,16018.16,disputed,NET30,-89,,1438,true,2,,OK
INV-8402D859,VND-004,2022-11-01,2022-01-11,2022-11-16,261136.6,paid,NET30,-294,15,0,false,3,,MISMATCH
INV-85329D8D,VND-001,2022-08-07,2022-07-08,2022-09-22,84951.48,paid,NET30,-30,46,0,false,1,,OK
INV-3535480A,VND-005,2023-09-11,2023-09-11,2023-11-03,488152.13,paid,NET30,0,53,0,false,2,,OK
INV-4CD2997F,VND-002,2022-10-25,2022-10-25,,485666.53,disputed,NET45,0,,1205,true,5,,OK
INV-398B9608,VND-002,2024-03-15,2024-03-15,2024-05-23,96137.9,paid,NET45,0,69,0,false,3,,OK
INV-F8234CC2,VND-004,2024-07-15,2024-07-15,,610462.64,overdue,NET30,0,,576,true,7,,MISMATCH
INV-1432B519,VND-004,2023-04-27,2023-04-27,2023-06-22,260430.97,partial,NET30,0,56,1021,true,4,,OK
INV-7348498E,VND-006,2024-11-22,2024-11-22,,179987.37,disputed,NET15,0,,446,true,4,,OK
INV-51D88C81,VND-007,2022-11-09,2022-11-09,,83511.98,disputed,NET30,0,,1190,true,2,,OK
INV-739C9548,VND-001,2022-07-17,2022-07-17,,375258.66,pending,NET30,0,,1305,true,4,,MISMATCH
INV-35BF97E9,VND-003,2023-10-25,2023-10-25,2023-12-10,70209.37,paid,NET30,0,46,0,false,2,,OK
INV-CB391690,VND-004,2024-07-31,2024-07-31,,374231.83,pending,NET30,0,,560,true,7,,OK
INV-97845F29,VND-003,2023-11-09,2023-11-09,,325728.52,disputed,NET30,0,,825,true,2,,MISMATCH
INV-2D781334,VND-001,2022-01-22,2022-01-22,2022-02-15,18297.38,paid,NET30,0,24,0,false,1,,OK
INV-EA4523C7,VND-001,2022-08-08,2022-08-08,2022-10-07,235303.33,paid,NET30,0,60,0,false,2,,OK
INV-BE4A5CE6,VND-001,2022-03-31,2022-03-31,,186051.86,overdue,NET30,0,,1413,true,4,,OK
INV-44E9E616,VND-001,2022-07-29,2022-07-29,2022-08-11,887452.64,partial,NET30,0,13,1293,true,8,,MISMATCH
INV-16AED7F5,VND-007,2022-06-20,2022-06-20,2022-07-10,198845.76,paid,NET30,0,20,0,false,2,,OK
INV-1049D681,VND-001,2024-03-31,2024-03-31,,552005.46,disputed,NET30,0,,682,true,5,,MISMATCH
INV-6629AA38,VND-002,2024-08-27,2024-08-27,,167643.17,overdue,NET45,0,,533,true,2,,OK
INV-1A83A4F7,VND-002,2022-08-28,2022-08-28,2022-10-12,248303.98,paid,NET45,0,45,0,false,6,,OK
INV-DC53F3AD,VND-005,2022-02-06,2022-06-02,,61580.11,disputed,NET30,116,,1350,true,1,,OK
INV-4A3A293B,VND-001,2023-05-22,2023-05-22,,723853.89,pending,NET30,0,,996,true,5,,OK
INV-8CCE796E,VND-005,2024-11-20,2024-11-20,2024-12-29,247456.01,paid,NET30,0,39,0,false,2,,OK
INV-13D17FCA,VND-007,2022-08-07,2022-08-07,,93846.38,disputed,NET30,0,,1284,true,3,,MISMATCH
INV-3A8F3F43,VND-005,2023-07-27,2023-07-27,2023-09-02,756417.19,paid,NET30,0,37,0,false,8,,OK
INV-95C48D81,VND-001,2024-06-13,2024-06-13,,880429.37,disputed,NET30,0,,608,true,7,,OK
INV-F932F985,VND-001,2023-02-03,2023-03-02,2023-03-31,195785.87,paid,NET30,27,56,0,false,2,,MISMATCH
INV-109F9168,VND-004,2022-07-24,2022-07-24,2022-09-05,27129.74,paid,NET30,0,43,0,false,1,,OK
INV-0C779D8F,VND-009,2023-01-18,2023-01-18,2023-03-17,76084.17,paid,NET30,0,58,0,false,4,,MISMATCH
INV-B89B5D6C,VND-003,2023-07-03,2023-07-03,2023-08-11,514673.8,paid,NET30,0,39,0,false,7,,OK
INV-CCC3786E,VND-007,2023-01-11,2023-01-11,,132738.44,pending,NET30,0,,1127,true,2,,OK
INV-E63AADA2,VND-005,2022-01-19,2022-01-19,2022-01-25,295929.7,paid,NET30,0,6,0,false,4,,MISMATCH
INV-8ED13AF5,VND-002,2022-10-20,2022-10-20,,223261.81,overdue,NET45,0,,1210,true,2,,OK
INV-C187E6ED,VND-008,2022-09-06,2022-09-06,,624894.64,disputed,NET30,0,,1254,true,4,,MISMATCH
INV-CB8E7C86,VND-005,2024-12-21,2024-12-21,2024-12-28,210356.63,paid,NET30,0,7,0,false,7,,OK
INV-3B667CA9,VND-007,2022-10-21,2022-10-21,,71414.58,overdue,NET30,0,,1209,true,2,,OK
INV-773D2019,VND-004,2022-10-29,2022-10-29,,97091.73,pending,NET30,0,,1201,true,3,,OK
INV-5F682212,VND-008,2022-09-01,2022-01-09,2022-10-14,187338.0,paid,NET30,-235,43,0,false,5,,OK
INV-E8908088,VND-005,2023-01-23,2023-01-23,2023-02-09,403151.71,paid,NET30,0,17,0,false,7,,MISMATCH
INV-6C1EDDAA,VND-004,2022-06-07,2022-07-06,,119700.84,overdue,NET30,29,,1316,true,2,,OK
INV-EC8A29F3,VND-001,2023-05-14,2023-05-14,,392115.08,pending,NET30,0,,1004,true,6,,MISMATCH
INV-F8DC2F4B,VND-003,2023-06-16,2023-06-16,2023-06-29,185564.33,paid,NET30,0,13,0,false,3,,MISMATCH
INV-D2A4D98B,VND-007,2023-05-28,2023-05-28,2023-06-25,611699.25,paid,NET30,0,28,0,false,8,,OK
INV-51C1BE18,VND-007,2024-10-02,2024-02-10,,108218.54,pending,NET30,-235,,732,true,2,,OK
INV-6A876B84,VND-004,2022-03-29,2022-03-29,2022-04-23,2322.25,paid,NET30,0,25,0,false,1,,MISMATCH
INV-09581C59,VND-003,2024-12-27,2024-12-27,2025-02-17,224572.51,partial,NET30,0,52,411,true,3,,MISMATCH
INV-034509AF,VND-002,2022-02-16,2022-02-16,2022-03-17,436699.41,paid,NET45,0,29,0,false,5,,OK
INV-2E25BCC6,VND-001,2023-03-23,2023-03-23,2023-04-06,363966.56,paid,NET30,0,14,0,false,5,,OK
INV-94D8A96D,VND-005,2023-07-03,2023-03-07,2023-08-24,183784.93,paid,NET30,-118,52,0,false,5,,OK
INV-A13EE31A,VND-005,2023-09-01,2023-01-09,,340626.0,overdue,NET30,-235,,1129,true,2,,OK
INV-9FD2066E,VND-004,2024-02-26,2024-02-26,2024-04-12,174701.16,partial,NET30,0,46,716,true,1,,OK
INV-2508F20C,VND-008,2022-12-30,2022-12-30,2023-02-28,269424.46,paid,NET30,0,60,0,false,3,,OK
INV-C5971BE4,VND-006,2022-05-15,2022-05-15,2022-06-03,353195.05,paid,NET15,0,19,0,false,4,,OK
INV-0A674D14,VND-007,2024-09-24,2024-09-24,2024-10-02,172767.43,paid,NET30,0,8,0,false,3,,OK
INV-1454D957,VND-007,2022-09-12,2022-12-09,,345598.57,overdue,NET30,88,,1160,true,6,,OK
INV-8396FD75,VND-002,2022-12-09,2022-09-12,2023-01-18,99927.28,partial,NET45,-88,40,1248,true,5,,OK
INV-FFF852E9,VND-001,2022-06-21,2022-06-21,,22535.53,pending,NET30,0,,1331,true,1,,OK
INV-4A2A9801,VND-004,2024-03-16,2024-03-16,,199270.16,pending,NET30,0,,697,true,4,,OK
INV-A6C93361,VND-010,2023-03-28,2023-03-28,2023-04-12,16888.71,paid,NET60,0,15,0,false,2,,OK
INV-412CC9EC,VND-008,2023-05-18,2023-05-18,2023-06-11,319731.14,paid,NET30,0,24,0,false,6,,OK
INV-28DFBBE9,VND-003,2022-05-30,2022-05-30,2022-06-08,135165.98,paid,NET30,0,9,0,false,5,,OK
INV-D261FB85,VND-002,2023-03-13,2023-03-13,,527670.43,disputed,NET45,0,,1066,true,4,,OK
INV-C242C3F0,VND-003,2022-03-02,2022-03-02,2022-04-19,370860.98,paid,NET30,0,48,0,false,4,,MISMATCH
INV-455F8191,VND-008,2022-08-03,2022-03-08,2022-08-02,232451.38,paid,NET30,-148,-1,0,false,5,,OK
INV-DD2DDB51,VND-002,2023-12-21,2023-12-21,2024-02-21,320097.19,partial,NET45,0,62,783,true,6,,OK
INV-C65D2C0C,VND-002,2022-11-07,2022-11-07,2022-12-22,532175.64,paid,NET45,0,45,0,false,5,,OK
INV-A5B067CE,VND-006,2022-03-10,2022-03-10,2022-04-21,140190.95,paid,NET15,0,42,0,false,6,,OK
INV-C58F93E9,VND-001,2024-06-09,2024-06-09,,210691.51,pending,NET30,0,,612,true,5,,OK
INV-896AFBF7,VND-004,2023-03-24,2023-03-24,,398884.08,pending,NET30,0,,1055,true,6,,OK
INV-C05C7C43,VND-002,2024-04-15,2024-04-15,2024-06-29,178120.59,partial,NET45,0,75,667,true,3,,OK
INV-FC4C903B,VND-007,2022-05-01,2022-05-01,2022-05-22,209784.24,paid,NET30,0,21,0,false,3,,OK
INV-D735EFF5,VND-004,2022-07-19,2022-07-19,,130436.2,disputed,NET30,0,,1303,true,3,,OK
INV-D45383D0,VND-007,2022-05-24,2022-05-24,,407060.57,overdue,NET30,0,,1359,true,3,,MISMATCH
INV-0D39EF7C,VND-005,2023-03-16,2023-03-16,,697218.67,overdue,NET30,0,,1063,true,7,,OK
INV-B3F8802E,VND-004,2023-11-02,2023-11-02,,545090.37,disputed,NET30,0,,832,true,3,,MISMATCH
INV-63E1402D,VND-005,2023-05-10,2023-10-05,2023-06-07,115529.68,paid,NET30,148,28,0,false,2,,OK
INV-D7FF345B,VND-003,2022-12-25,2022-12-25,2023-02-12,314304.47,paid,NET30,0,49,0,false,1,,MISMATCH
INV-774982CB,VND-001,2023-05-01,2023-05-01,,645694.33,overdue,NET30,0,,1017,true,8,,OK
INV-C33B4DEA,VND-001,2024-01-06,2024-01-06,2024-03-04,82849.94,paid,NET30,0,58,0,false,2,,OK
INV-D571F60F,VND-001,2024-06-18,2024-06-18,,114.81,disputed,NET30,0,,603,true,3,,OK
INV-5D6B2F8C,VND-005,2022-08-26,2022-08-26,2022-09-01,930118.47,paid,NET30,0,6,0,false,5,,MISMATCH
INV-53DF3946,VND-001,2023-01-29,2023-01-29,,15683.13,pending,NET30,0,,1109,true,1,,OK
INV-4E531E6D,VND-005,2024-01-06,2024-01-06,2024-02-21,248131.44,paid,NET30,0,46,0,false,4,,OK
INV-ABD6EAA2,VND-005,2024-09-23,2024-09-23,2024-11-08,301822.57,paid,NET30,0,46,0,false,5,,MISMATCH
INV-7D87DB7B,VND-001,2024-01-15,2024-01-15,2024-03-05,114473.97,partial,NET30,0,50,758,true,3,,OK
INV-C1E02794,VND-003,2022-09-26,2022-09-26,,479170.99,disputed,NET30,0,,1234,true,7,,OK
INV-A149950E,VND-002,2024-07-03,2024-03-07,,223823.0,pending,NET45,-118,,706,true,4,,OK
INV-818211D2,VND-008,2024-01-23,2024-01-23,,20293.5,pending,NET30,0,,750,true,1,,OK
INV-50935989,VND-002,2023-01-02,2023-01-02,2023-02-03,202149.21,paid,NET45,0,32,0,false,4,,OK
INV-DBFB97B3,VND-003,2024-09-14,2024-09-14,,371784.2,overdue,NET30,0,,515,true,4,,OK
INV-12FDFA99,VND-003,2023-12-30,2023-12-30,,126059.31,disputed,NET30,0,,774,true,4,,OK
INV-5DDC2362,VND-005,2022-02-20,2022-02-20,2022-04-16,80309.83,partial,NET30,0,55,1452,true,1,,OK
INV-F4EAC7B5,VND-001,2022-11-29,2022-11-29,2023-01-03,61976.46,paid,NET30,0,35,0,false,2,,OK
INV-51F3D06C,VND-001,2024-12-24,2024-12-24,,414747.06,disputed,NET30,0,,414,true,2,,MISMATCH
INV-417F7796,VND-005,2022-10-09,2022-09-10,2022-10-12,517627.78,partial,NET30,-29,3,1250,true,3,,MISMATCH
INV-D747395B,VND-007,2023-08-18,2023-08-18,2023-09-13,531421.66,paid,NET30,0,26,0,false,5,,MISMATCH
INV-7A90BBFA,VND-001,2023-12-23,2023-12-23,,41956.28,overdue,NET30,0,,781,true,0,,OK
INV-5AFC573D,VND-003,2023-08-17,2023-08-17,2023-09-04,184647.98,paid,NET30,0,18,0,false,2,,OK
INV-933CAF88,VND-002,2022-02-25,2022-02-25,2022-04-25,179871.29,partial,NET45,0,59,1447,true,5,,OK
INV-C8A18749,VND-004,2023-03-13,2023-03-13,2023-04-04,897.08,paid,NET30,0,22,0,false,1,,MISMATCH
INV-7D8CACF0,VND-001,2022-04-12,2022-04-12,2022-05-12,173103.82,paid,NET30,0,30,0,false,2,,OK
INV-F21ED41B,VND-003,2022-05-17,2022-05-17,,464259.54,pending,NET30,0,,1366,true,6,,OK
INV-FC90A4A5,VND-008,2024-08-29,2024-08-29,,211833.89,disputed,NET30,0,,531,true,3,,OK
INV-11EED1B3,VND-001,2024-12-07,2024-07-12,,409075.96,overdue,NET30,-148,,579,true,3,,OK
INV-1E03CE0A,VND-004,2022-07-05,2022-07-05,,167885.26,disputed,NET30,0,,1317,true,3,,MISMATCH
INV-A20C01A7,VND-006,2024-09-17,2024-09-17,2024-10-07,472396.43,partial,NET15,0,20,512,true,6,,OK
INV-6B10FFFC,VND-008,2022-03-28,2022-03-28,,451419.01,disputed,NET30,0,,1416,true,6,,OK
INV-FC81E521,VND-008,2023-12-09,2023-09-12,2024-01-31,14426.88,paid,NET30,-88,53,0,false,1,,MISMATCH
INV-D37AFA35,VND-007,2023-09-18,2023-09-18,,230663.67,overdue,NET30,0,,877,true,4,,OK
INV-1A3EE214,VND-004,2023-10-31,2023-10-31,,159944.12,overdue,NET30,0,,834,true,2,,OK
INV-C9979B63,VND-004,2024-02-29,2024-02-29,2024-03-28,55598.6,paid,NET30,0,28,0,false,1,,OK
INV-B61F1A78,VND-006,2024-08-02,2024-08-02,,206625.94,overdue,NET15,0,,558,true,2,,OK
INV-94C1D838,VND-005,2022-12-22,2022-12-22,,78381.58,disputed,NET30,0,,1147,true,1,,OK
INV-6F4EA984,VND-001,2024-04-05,2024-05-04,2024-05-27,468456.27,paid,NET30,29,52,0,false,8,,OK
INV-39BC957E,VND-008,2024-04-27,2024-04-27,,157139.0,disputed,NET30,0,,655,true,1,,OK
INV-7745F3E9,VND-002,2022-03-13,2022-03-13,2022-03-29,216262.13,paid,NET45,0,16,0,false,4,,MISMATCH
INV-6296ADF4,VND-001,2023-03-15,2023-03-15,,193428.72,pending,NET30,0,,1064,true,2,,OK
INV-E6652C95,VND-003,2022-09-19,2022-09-19,2022-11-10,61086.32,paid,NET30,0,52,0,false,1,,MISMATCH
INV-0A5CEADF,VND-007,2024-09-14,2024-09-14,,523750.52,disputed,NET30,0,,515,true,6,,MISMATCH
INV-E2C4AF23,VND-004,2023-02-10,2023-02-10,2023-11-12,45696.53,paid,NET30,0,275,0,false,3,,MISMATCH
INV-B5990F71,VND-003,2024-11-30,2024-11-30,2024-12-17,182334.32,paid,NET30,0,17,0,false,7,,OK
INV-DB091E85,VND-007,2023-03-24,2023-03-24,,266987.6,overdue,NET30,0,,1055,true,7,,OK
INV-0708170C,VND-005,2023-08-22,2023-08-22,2023-08-29,64895.09,paid,NET30,0,7,0,false,2,,OK
INV-D8CD1429,VND-008,2022-11-26,2022-11-26,,10220.46,overdue,NET30,0,,1173,true,1,,OK
INV-DF9F13EC,VND-007,2022-10-26,2022-10-26,2022-11-09,35699.3,partial,NET30,0,14,1204,true,1,,OK
INV-593B73FA,VND-003,2022-07-10,2022-07-10,,253417.04,disputed,NET30,0,,1312,true,3,,OK
INV-CEA4BB08,VND-008,2024-12-24,2024-12-24,2025-01-27,264484.17,paid,NET30,0,34,0,false,4,,OK
INV-1FF7031B,VND-008,2023-10-01,2023-10-01,,624687.88,disputed,NET30,0,,864,true,6,,OK
INV-C1132069,VND-006,2024-03-03,2024-03-03,,334983.79,overdue,NET15,0,,710,true,3,,OK
INV-BFAEACF0,VND-001,2024-09-04,2024-09-04,2024-10-29,18474.55,paid,NET30,0,55,0,false,2,,OK
INV-399ADDD5,VND-008,2024-02-16,2024-02-16,2024-03-30,339952.06,paid,NET30,0,43,0,false,5,,OK
INV-B1A40493,VND-006,2024-02-04,2024-04-02,,159633.25,disputed,NET15,58,,680,true,2,,OK
INV-BF9B9541,VND-006,2022-08-24,2022-08-24,2022-09-15,69578.77,paid,NET15,0,22,0,false,2,,MISMATCH
INV-C643C56E,VND-006,2023-07-01,2023-07-01,2023-08-11,166193.45,paid,NET15,0,41,0,false,2,,OK
INV-D4973C07,VND-005,2024-04-22,2024-04-22,2024-04-27,586239.98,paid,NET30,0,5,0,false,5,,OK
INV-52469F77,VND-004,2023-12-03,2023-12-03,2023-11-29,169482.6,paid,NET30,0,-4,0,false,2,,OK
INV-1218B396,VND-008,2023-05-28,2023-05-28,2023-07-19,312152.9,partial,NET30,0,52,990,true,2,,OK
INV-60FC145E,VND-005,2022-05-26,2022-05-26,2022-07-10,162263.27,paid,NET30,0,45,0,false,1,,OK
INV-C0BC2090,VND-001,2023-04-11,2023-04-11,,177584.82,disputed,NET30,0,,1037,true,1,,OK
INV-1346EDD6,VND-001,2022-06-10,2022-10-06,,180189.5,overdue,NET30,118,,1224,true,3,,OK
INV-1F635086,VND-006,2022-07-16,2022-07-16,,354815.33,pending,NET15,0,,1306,true,6,,OK
INV-79205E79,VND-004,2024-11-29,2024-11-29,2025-01-17,147215.48,paid,NET30,0,49,0,false,5,,MISMATCH
INV-D5E181E8,VND-003,2024-04-30,2024-04-30,2024-05-07,207059.23,partial,NET30,0,7,652,true,4,,OK
INV-EF92F09A,VND-006,2023-08-03,2023-03-08,,17877.06,disputed,NET15,-148,,1071,true,1,,MISMATCH
INV-CF8B7493,VND-002,2022-03-29,2022-03-29,2022-04-11,494449.33,paid,NET45,0,13,0,false,6,,MISMATCH
INV-9501E222,VND-003,2024-12-11,2024-12-11,2025-01-16,344357.82,paid,NET30,0,36,0,false,3,,OK
INV-A9109515,VND-001,2023-12-11,2023-12-11,,354721.42,overdue,NET30,0,,793,true,4,,OK
INV-5C47B574,VND-002,2022-11-16,2022-11-16,,59150.88,disputed,NET45,0,,1183,true,1,,OK
INV-1AC8CAE2,VND-007,2023-02-13,2023-02-13,2023-03-27,221867.75,paid,NET30,0,42,0,false,7,,MISMATCH
INV-B4CC31AE,VND-005,2024-10-02,2024-02-10,2024-11-08,588933.73,paid,NET30,-235,37,0,false,7,,OK
INV-CBAB6748,VND-008,2023-05-17,2023-05-17,,220706.83,pending,NET30,0,,1001,true,5,,OK
INV-8DDA2DA6,VND-001,2023-05-18,2023-05-18,2023-05-29,51342.08,paid,NET30,0,11,0,false,3,,OK
INV-05C77127,VND-006,2023-08-02,2023-08-02,,223718.03,disputed,NET15,0,,924,true,3,,OK
INV-B202E979,VND-007,2022-11-13,2022-11-13,2023-01-10,60944.27,paid,NET30,0,58,0,false,2,,OK
INV-2E1DF42A,VND-004,2024-10-23,2024-10-23,,443240.63,overdue,NET30,0,,476,true,6,,OK
INV-FDF0B911,VND-007,2024-02-14,2024-02-14,2024-03-28,197125.99,paid,NET30,0,43,0,false,3,,MISMATCH
INV-DDC4BF88,VND-004,2023-08-13,2023-08-13,,216123.93,overdue,NET30,0,,913,true,2,,OK
INV-32D62C61,VND-003,2024-12-02,2024-02-12,,323261.63,disputed,NET30,-294,,730,true,4,,MISMATCH
INV-7072AC71,VND-001,2022-09-02,2022-09-02,,222657.77,overdue,NET30,0,,1258,true,4,,OK
INV-43E9CCCD,VND-001,2023-09-22,2023-09-22,,-62758.11,pending,NET30,0,,873,true,1,,OK
INV-4D0E57A7,VND-001,2024-08-04,2024-08-04,2024-09-16,538213.74,paid,NET30,0,43,0,false,6,,OK
INV-661FB9EC,VND-004,2024-09-14,2024-09-14,,56842.67,pending,NET30,0,,515,true,0,,MISMATCH
INV-9B6CB99E,VND-003,2022-08-22,2022-08-22,2022-10-14,369609.27,paid,NET30,0,53,0,false,6,,OK
INV-30D12B42,VND-005,2023-02-10,2023-02-10,2023-04-08,843671.04,paid,NET30,0,57,0,false,7,,OK
INV-D7DBCE8A,VND-006,2023-11-19,2023-11-19,,134201.74,pending,NET15,0,,815,true,3,,OK
INV-F2CCED72,VND-007,2022-05-06,2022-06-05,,175776.36,disputed,NET30,30,,1347,true,3,,MISMATCH
INV-506C7AFE,VND-005,2024-12-06,2024-06-12,,421668.88,disputed,NET30,-177,,609,true,3,,OK
INV-1A67FCB1,VND-006,2023-12-22,2023-12-22,2024-01-06,5711.83,paid,NET15,0,15,0,false,1,,MISMATCH
INV-FE6B4D0D,VND-008,2024-06-02,2024-06-02,2024-03-07,385543.32,partial,NET30,0,-87,619,true,5,,OK
INV-75DDE238,VND-003,2022-04-08,2022-04-08,,49904.41,pending,NET30,0,,1405,true,3,,MISMATCH
INV-13160F1D,VND-008,2023-11-18,2023-11-18,,222111.01,pending,NET30,0,,816,true,4,,OK
INV-4FA3F01C,VND-004,2024-01-20,2024-01-20,,327906.46,disputed,NET30,0,,753,true,4,,OK
INV-C940AC8C,VND-007,2022-10-03,2022-03-10,2022-10-24,115525.35,partial,NET30,-207,21,1434,true,7,,OK
INV-389E0D3C,VND-001,2024-04-22,2024-04-22,,479469.4,overdue,NET30,0,,660,true,4,,OK
INV-5428EA6C,VND-003,2023-05-13,2023-05-13,,505906.33,overdue,NET30,0,,1005,true,5,,OK
INV-65E5822C,VND-003,2024-05-04,2024-05-04,,20328.82,overdue,NET30,0,,648,true,2,,MISMATCH
INV-AF236F96,VND-005,2022-10-10,2022-10-10,,277051.24,pending,NET30,0,,1220,true,3,,OK
INV-413929C1,VND-007,2022-10-12,2022-12-10,,403053.24,disputed,NET30,59,,1159,true,4,,OK
INV-021525BA,VND-002,2023-03-25,2023-03-25,,678899.83,disputed,NET45,0,,1054,true,6,,MISMATCH
INV-D0CCB28D,VND-003,2023-06-29,2023-06-29,2023-08-28,523705.83,paid,NET30,0,60,0,false,5,,OK
INV-1AA6D1BF,VND-007,2022-03-23,2022-03-23,2022-03-31,426296.73,paid,NET30,0,8,0,false,8,,MISMATCH
INV-EF38D4D5,VND-008,2023-08-02,2023-02-08,,34411.34,pending,NET30,-175,,1099,true,3,,MISMATCH
INV-2AA95851,VND-008,2022-01-05,2022-01-05,2022-02-20,91026.41,partial,NET30,0,46,1498,true,3,,OK
INV-6CAFA8AA,VND-001,2024-12-26,2024-12-26,,358669.35,overdue,NET30,0,,412,true,2,,OK
INV-12F18C0A,VND-004,2022-12-26,2022-12-26,2023-02-20,331653.5,paid,NET30,0,56,0,false,4,,MISMATCH
INV-0932EBC5,VND-001,2022-10-21,2022-10-21,2022-11-16,74088.22,paid,NET30,0,26,0,false,4,,OK
INV-F4205420,VND-008,2022-03-10,2022-10-03,2022-03-30,3721.37,paid,NET30,207,20,0,false,1,,MISMATCH
INV-A9447BD5,VND-004,2024-01-13,2024-01-13,,537315.14,disputed,NET30,0,,760,true,6,,OK
INV-69622204,VND-001,2023-06-30,2023-06-30,,452094.66,overdue,NET30,0,,957,true,8,,OK
INV-91060936,VND-001,2023-11-09,2023-09-11,,124361.73,disputed,NET30,-59,,884,true,2,,OK
INV-52EED995,VND-001,2023-09-09,2023-09-09,2023-10-18,747494.52,partial,NET30,0,39,886,true,8,,OK
INV-D6BC6E1F,VND-004,2023-06-15,2023-06-15,2023-08-11,62461.63,partial,NET30,0,57,972,true,0,,MISMATCH
INV-6AAB7F49,VND-006,2022-08-20,2022-08-20,,254045.55,disputed,NET15,0,,1271,true,2,,OK
INV-42BA2198,VND-007,2023-06-16,2023-06-16,2023-07-29,507941.02,paid,NET30,0,43,0,false,6,,OK
INV-F55C6FF8,VND-008,2023-11-23,2023-11-23,2024-01-14,114999.75,paid,NET30,0,52,0,false,1,,OK
INV-DFD05FA2,VND-006,2022-10-16,2022-10-16,2022-10-31,528565.42,paid,NET15,0,15,0,false,7,,MISMATCH
INV-01AB69F8,VND-001,2023-05-14,2023-05-14,2023-07-12,97034.92,paid,NET30,0,59,0,false,1,,MISMATCH
INV-57AF8E5A,VND-007,2022-09-11,2022-11-09,2022-08-18,169251.42,partial,NET30,59,-24,1190,true,3,,MISMATCH
INV-D37E57F0,VND-002,2022-09-04,2022-09-04,2022-09-22,238626.3,paid,NET45,0,18,0,false,3,,OK
INV-E5DED937,VND-004,2022-07-07,2022-07-07,,89311.34,overdue,NET30,0,,1315,true,3,,OK
INV-046954EF,VND-006,2024-04-02,2024-04-02,2024-04-28,83971.7,paid,NET15,0,26,0,false,2,,MISMATCH
INV-6CAD81DC,VND-005,2022-09-11,2022-11-09,2022-11-23,558654.36,partial,NET30,59,73,1190,true,6,,OK
INV-530F9414,VND-007,2023-07-05,2023-05-07,,299121.88,pending,NET30,-59,,1011,true,5,,OK
INV-8C13C0BA,VND-006,2024-12-31,2024-12-31,2025-02-13,296977.71,paid,NET15,0,44,0,false,3,,OK
INV-A00B313E,VND-007,2022-05-14,2022-05-14,,393585.04,overdue,NET30,0,,1369,true,7,,OK
INV-F3AD8A05,VND-008,2023-07-13,2023-07-13,2023-09-11,184469.02,paid,NET30,0,60,0,false,5,,OK
INV-05A2CFD5,VND-003,2024-12-24,2024-12-24,2025-01-20,195259.85,partial,NET30,0,27,414,true,4,,OK
INV-A1C656AE,VND-002,2022-07-08,2022-08-07,2022-09-13,270427.03,paid,NET45,30,67,0,false,3,,OK
INV-4B3E34D5,VND-001,2023-05-02,2023-05-02,2023-05-26,420613.39,paid,NET30,0,24,0,false,6,,MISMATCH
INV-AA937E59,VND-006,2024-12-14,2024-12-14,2025-01-02,145273.46,paid,NET15,0,19,0,false,3,,OK
INV-6FEA0E8B,VND-008,2023-03-06,2023-06-03,,513472.91,disputed,NET30,89,,984,true,7,,OK
INV-0A5187A4,VND-004,2024-07-18,2024-07-18,,432520.04,disputed,NET30,0,,573,true,4,,MISMATCH
INV-20644582,VND-003,2023-10-24,2023-10-24,2023-12-14,43835.27,paid,NET30,0,51,0,false,1,,MISMATCH
INV-F9322E85,VND-008,2023-07-28,2023-07-28,2023-08-10,155042.72,paid,NET30,0,13,0,false,6,,OK
INV-1A9B05A0,VND-001,2024-11-27,2024-11-27,,301796.83,disputed,NET30,0,,441,true,4,,OK
INV-6CA7DA6E,VND-008,2024-11-20,2024-11-20,2024-12-09,324159.88,paid,NET30,0,19,0,false,5,,MISMATCH
INV-B366B97C,VND-006,2024-06-10,2024-06-10,,561899.36,overdue,NET15,0,,611,true,5,,MISMATCH
INV-FDDC8639,VND-003,2022-03-23,2022-03-23,,233808.78,disputed,NET30,0,,1421,true,1,,OK
INV-E1A916C3,VND-004,2022-04-23,2022-04-23,,243782.68,disputed,NET30,0,,1390,true,5,,MISMATCH
INV-06507D30,VND-006,2022-05-13,2022-05-13,,132137.09,disputed,NET15,0,,1370,true,5,,OK
INV-ACCC4FB8,VND-001,2022-12-31,2022-12-31,,250500.4,disputed,NET30,0,,1138,true,5,,OK
INV-3AEA1491,VND-003,2024-05-13,2024-05-13,2024-06-24,383835.57,paid,NET30,0,42,0,false,4,,OK
INV-996B97D0,VND-003,2024-01-31,2024-01-31,2024-02-21,8808.05,partial,NET30,0,21,742,true,1,,MISMATCH
INV-684FC3AD,VND-002,2024-11-13,2024-11-13,,504988.84,disputed,NET45,0,,455,true,6,,OK
INV-E96CE257,VND-008,2023-07-23,2023-07-23,2023-08-26,244072.79,paid,NET30,0,34,0,false,5,,OK
INV-F15E9997,VND-001,2024-03-19,2024-03-19,,3931.12,pending,NET30,0,,694,true,1,,MISMATCH
INV-745F7F03,VND-007,2024-09-09,2024-09-09,2024-09-14,53495.84,partial,NET30,0,5,520,true,3,,OK
INV-0F8E84DA,VND-006,2022-07-21,2022-07-21,,491273.86,pending,NET15,0,,1301,true,5,,OK
INV-76CA3A83,VND-002,2023-11-05,2023-05-11,,1691.13,overdue,NET45,-178,,1007,true,0,,MISMATCH
INV-9E844A2C,VND-008,2023-03-28,2023-03-28,2023-05-09,187540.37,paid,NET30,0,42,0,false,7,,MISMATCH
INV-63C57FA3,VND-008,2023-04-13,2023-04-13,2023-05-29,256626.64,paid,NET30,0,46,0,false,7,,OK
INV-EF2227F3,VND-005,2022-07-05,2022-07-05,,209321.61,pending,NET30,0,,1317,true,2,,OK
INV-1563CA3F,VND-002,2024-09-23,2024-09-23,,566302.89,disputed,NET45,0,,506,true,5,,MISMATCH
INV-2C97A06A,VND-003,2022-03-05,2022-03-05,2022-03-10,350068.02,paid,NET30,0,5,0,false,4,,MISMATCH
INV-BBE59C58,VND-005,2023-04-22,2023-04-22,,184516.43,overdue,NET30,0,,1026,true,2,,MISMATCH
INV-1F1CDB89,VND-001,2024-09-03,2024-03-09,2024-04-17,457656.05,partial,NET30,-178,-139,704,true,7,,OK
INV-81DA123D,VND-002,2023-01-26,2023-01-26,,639924.78,pending,NET45,0,,1112,true,6,,MISMATCH
INV-E510E2AB,VND-002,2024-11-26,2024-11-26,2025-01-28,6999.14,partial,NET45,0,63,442,true,1,,MISMATCH
INV-EE7FBA71,VND-008,2024-03-09,2024-03-09,,349543.42,overdue,NET30,0,,704,true,5,,OK
INV-1D259BDA,VND-008,2022-10-30,2022-10-30,,264459.23,overdue,NET30,0,,1200,true,5,,OK
INV-7F78F9C6,VND-005,2023-10-06,2023-06-10,,725194.3,overdue,NET30,-118,,977,true,6,,OK
INV-76DA4FEC,VND-001,2023-09-23,2023-09-23,,370342.29,pending,NET30,0,,872,true,4,,MISMATCH
INV-A684865E,VND-006,2022-10-06,2022-10-06,,549924.23,overdue,NET15,0,,1224,true,6,,OK
INV-0CD9DBA8,VND-002,2023-02-25,2023-02-25,,245998.39,overdue,NET45,0,,1082,true,5,,OK
INV-394A41A0,VND-004,2023-05-24,2023-05-24,,660530.87,disputed,NET30,0,,994,true,6,,OK
INV-5ED14675,VND-002,2023-04-19,2023-04-19,,336144.79,disputed,NET45,0,,1029,true,5,,OK
INV-348FA695,VND-006,2024-09-29,2024-09-29,2024-10-16,171417.92,partial,NET15,0,17,500,true,1,,MISMATCH
INV-1ABDC711,VND-001,2023-08-25,2023-08-25,,41820.53,overdue,NET30,0,,901,true,1,,OK
INV-42B964A3,VND-001,2022-12-01,2022-01-12,2023-01-05,572116.8,paid,NET30,-323,35,0,false,4,,MISMATCH
INV-490C99A8,VND-005,2022-02-07,2022-07-02,2022-03-10,259594.0,paid,NET30,145,31,0,false,6,,OK
INV-B4065CA5,VND-007,2023-11-28,2023-11-28,,215007.82,pending,NET30,0,,806,true,7,,OK
INV-00C172E9,VND-002,2023-07-01,2023-07-01,,174327.71,pending,NET45,0,,956,true,2,,MISMATCH
INV-5B3D0CB8,VND-002,2022-03-06,2022-06-03,,286164.1,pending,NET45,89,,1349,true,5,,OK
INV-7DF29579,VND-004,2022-09-08,2022-08-09,2022-11-04,158204.83,paid,NET30,-30,57,0,false,5,,OK
INV-4EC1493C,VND-007,2024-09-28,2024-09-28,2024-11-14,243870.98,paid,NET30,0,47,0,false,4,,MISMATCH
INV-7CB875DC,VND-006,2024-02-16,2024-02-16,,468440.09,overdue,NET15,0,,726,true,7,,OK
INV-016F6E3B,VND-007,2024-08-04,2024-08-04,2024-05-28,69386.42,paid,NET30,0,-68,0,false,3,,OK
INV-8E6BC73E,VND-003,2024-06-08,2024-06-08,2024-07-05,54697.96,paid,NET30,0,27,0,false,2,,OK
INV-84C3E260,VND-006,2024-03-20,2024-03-20,2024-04-22,132880.41,partial,NET15,0,33,693,true,4,,OK
INV-D85D31FB,VND-003,2024-02-28,2024-02-28,2024-04-12,553478.95,paid,NET30,0,44,0,false,6,,MISMATCH
INV-320F2E72,VND-006,2022-11-01,2022-01-11,2022-11-15,355688.43,paid,NET15,-294,14,0,false,3,,OK
INV-82CE4035,VND-005,2023-10-11,2023-11-10,,102477.63,overdue,NET30,30,,824,true,1,,MISMATCH
INV-84D4FF3D,VND-003,2023-09-10,2023-10-09,2023-10-25,9233.87,partial,NET30,29,45,856,true,1,,OK
INV-F0C2F5F8,VND-003,2022-12-29,2022-12-29,,222922.7,disputed,NET30,0,,1140,true,1,,OK
INV-CF5E241A,VND-002,2022-04-29,2022-04-29,,249303.56,disputed,NET45,0,,1384,true,3,,OK
INV-7EDC38F4,VND-003,2023-07-03,2023-07-03,,68826.94,overdue,NET30,0,,954,true,4,,MISMATCH
INV-CD2F0E85,VND-001,2023-07-30,2023-07-30,2023-09-12,201591.52,paid,NET30,0,44,0,false,4,,OK
INV-7AC8386C,VND-002,2024-07-12,2024-07-12,,272815.47,overdue,NET45,0,,579,true,4,,OK
INV-66F3883B,VND-005,2024-10-01,2024-01-10,2024-10-07,469355.63,partial,NET30,-265,6,763,true,4,,OK
INV-57C87084,VND-002,2022-08-22,2022-08-22,2022-09-14,144046.97,paid,NET45,0,23,0,false,2,,OK
INV-A20703F7,VND-004,2023-11-20,2023-11-20,2023-12-08,119175.17,paid,NET30,0,18,0,false,4,,MISMATCH
INV-FAC5A192,VND-003,2024-01-09,2024-01-09,,-17342.72,disputed,NET30,0,,764,true,2,,OK
INV-367D6FCC,VND-001,2024-07-04,2024-04-07,2024-08-13,276034.26,partial,NET30,-88,40,675,true,7,,OK
INV-AA4FD260,VND-003,2023-10-27,2023-10-27,,298752.72,disputed,NET30,0,,838,true,4,,MISMATCH
INV-371183C6,VND-004,2024-11-19,2024-11-19,,492408.16,disputed,NET30,0,,449,true,7,,MISMATCH
INV-39BDD057,VND-001,2023-11-03,2023-11-03,,242052.42,disputed,NET30,0,,831,true,3,,MISMATCH
INV-0A39889C,VND-007,2022-10-02,2022-10-02,2022-11-05,477863.13,partial,NET30,0,34,1228,true,6,,OK
INV-F0F2CA13,VND-004,2024-09-12,2024-12-09,2024-10-11,20618.48,paid,NET30,88,29,0,false,1,,MISMATCH
INV-0FB70749,VND-007,2022-12-23,2022-12-23,2023-01-08,224559.61,paid,NET30,0,16,0,false,2,,MISMATCH
INV-45874818,VND-004,2024-09-21,2024-09-21,,610431.51,disputed,NET30,0,,508,true,6,,MISMATCH
INV-3281EBFB,VND-005,2024-06-18,2024-06-18,,153624.08,disputed,NET30,0,,603,true,3,,OK
INV-7A5817CC,VND-002,2024-01-13,2024-01-13,2024-03-17,10153.04,paid,NET45,0,64,0,false,6,,MISMATCH
INV-3AF3A422,VND-001,2022-06-03,2022-06-03,2022-07-10,770199.18,paid,NET30,0,37,0,false,8,,OK
INV-EC3ADE8E,VND-003,2023-10-31,2023-10-31,,197143.14,pending,NET30,0,,834,true,7,,OK
INV-59EAE427,VND-003,2024-03-07,2024-03-07,2024-08-03,125357.15,partial,NET30,0,149,706,true,3,,OK
INV-052FEBC9,VND-006,2022-01-14,2022-01-14,2022-01-30,458117.63,partial,NET15,0,16,1489,true,6,,MISMATCH
INV-ECAE9DC7,VND-008,2022-10-27,2022-10-27,,144834.39,pending,NET30,0,,1203,true,2,,MISMATCH
INV-52D4DD79,VND-003,2022-11-05,2022-11-05,2022-11-19,34265.56,paid,NET30,0,14,0,false,2,,OK
INV-CFD8543D,VND-006,2023-04-22,2023-04-22,,198804.82,pending,NET15,0,,1026,true,4,,OK
INV-830E5B83,VND-002,2023-08-22,2023-08-22,2023-09-04,256665.42,paid,NET45,0,13,0,false,5,,OK
INV-23CFF3F2,VND-001,2023-08-17,2023-08-17,2023-09-26,330058.77,paid,NET30,0,40,0,false,4,,OK
INV-677441DA,VND-008,2023-10-02,2023-10-02,,404175.91,overdue,NET30,0,,863,true,4,,OK
INV-202EA97E,VND-002,2023-08-28,2023-08-28,,363671.48,disputed,NET45,0,,898,true,3,,MISMATCH
INV-CBF16F9E,VND-008,2023-12-15,2023-12-15,2023-12-25,60612.65,partial,NET30,0,10,789,true,3,,OK
INV-EF4D1420,VND-007,2022-10-12,2022-10-12,,457118.19,disputed,NET30,0,,1218,true,7,,OK
INV-F2B0D5ED,VND-006,2023-09-22,2023-09-22,,200473.82,pending,NET15,0,,873,true,2,,OK
INV-AADDCB65,VND-005,2024-02-01,2024-02-01,,410858.96,disputed,NET30,0,,741,true,3,,OK
INV-7896C679,VND-002,2022-09-02,2022-02-09,,326696.48,overdue,NET45,-205,,1463,true,6,,OK
INV-FBE58141,VND-008,2023-05-18,2023-05-18,,536687.28,disputed,NET30,0,,1000,true,5,,OK
INV-3865C705,VND-002,2024-03-26,2024-03-26,2024-05-21,481237.12,paid,NET45,0,56,0,false,4,,OK
INV-8930588A,VND-005,2022-01-03,2022-01-03,,509187.03,overdue,NET30,0,,1500,true,7,,OK
INV-6092F6F0,VND-005,2022-07-10,2022-07-10,2022-08-02,523538.33,paid,NET30,0,23,0,false,5,,MISMATCH
INV-86D06127,VND-001,2022-01-31,2022-01-31,,335042.17,pending,NET30,0,,1472,true,7,,OK
INV-DDEE842E,VND-002,2023-01-12,2023-01-12,,492756.19,disputed,NET45,0,,1126,true,8,,MISMATCH
INV-70DD94E9,VND-004,2022-03-06,2022-03-06,2022-04-18,488366.34,paid,NET30,0,43,0,false,6,,OK
INV-94B7A488,VND-008,2024-07-18,2024-07-18,2024-08-29,224815.58,paid,NET30,0,42,0,false,6,,OK
INV-6DE8C9A9,VND-004,2024-12-04,2024-12-04,2024-12-17,59854.24,paid,NET30,0,13,0,false,2,,MISMATCH
INV-577C3CEC,VND-004,2023-10-16,2023-10-16,,38010.11,disputed,NET30,0,,849,true,1,,OK
INV-10E1B7A0,VND-008,2023-04-20,2023-04-20,,689959.66,disputed,NET30,0,,1028,true,3,,MISMATCH
INV-B183E1C3,VND-008,2022-08-07,2022-08-07,,444131.22,pending,NET30,0,,1284,true,4,,OK
INV-2DB6B474,VND-002,2023-06-16,2023-06-16,,88525.57,pending,NET45,0,,971,true,2,,OK
INV-BEE7F7E2,VND-006,2024-06-14,2024-06-14,2024-06-30,349247.03,partial,NET15,0,16,607,true,3,,OK
INV-FF19988B,VND-001,2022-09-12,2022-12-09,2022-10-06,275756.24,paid,NET30,88,24,0,false,5,,OK
INV-9DC1A935,VND-005,2022-01-19,2022-01-19,2022-02-27,59382.76,partial,NET30,0,39,1484,true,1,,OK
INV-F14741D6,VND-008,2024-12-17,2024-12-17,2025-01-25,337882.81,paid,NET30,0,39,0,false,2,,OK
INV-467942E2,VND-007,2023-03-08,2023-03-08,,207387.24,pending,NET30,0,,1071,true,2,,OK
INV-1076BC78,VND-006,2023-10-09,2023-10-09,2023-10-18,169407.12,paid,NET15,0,9,0,false,2,,MISMATCH
INV-3A5487B0,VND-005,2022-07-13,2022-07-13,,182316.46,pending,NET30,0,,1309,true,2,,OK
INV-63257CED,VND-005,2024-06-12,2024-06-12,2024-07-26,392173.89,paid,NET30,0,44,0,false,4,,MISMATCH
INV-67527F6A,VND-001,2023-07-17,2023-07-17,,335163.15,overdue,NET30,0,,940,true,4,,MISMATCH
INV-29F19DE7,VND-002,2023-09-16,2023-09-16,2023-11-18,274074.69,paid,NET45,0,63,0,false,6,,OK
INV-4255A3FB,VND-007,2023-03-05,2023-03-05,2023-05-03,484293.55,paid,NET30,0,59,0,false,3,,OK
INV-DC8314E5,VND-002,2023-08-03,2023-08-03,2023-08-31,16612.12,partial,NET45,0,28,923,true,1,,MISMATCH
INV-75B5A19F,VND-004,2022-01-10,2022-10-01,2022-01-29,375157.08,paid,NET30,264,19,0,false,5,,MISMATCH
INV-54814838,VND-006,2023-10-14,2023-10-14,2023-10-22,372264.03,paid,NET15,0,8,0,false,6,,MISMATCH
INV-829801D6,VND-003,2023-09-06,2023-06-09,,354087.19,overdue,NET30,-89,,978,true,4,,MISMATCH
INV-EFC12E3F,VND-007,2024-03-24,2024-03-24,,626903.49,disputed,NET30,0,,689,true,7,,OK
INV-E165ED87,VND-002,2022-02-13,2022-02-13,2022-04-06,130021.2,partial,NET45,0,52,1459,true,1,,MISMATCH
INV-12C992B6,VND-005,2022-10-19,2022-10-19,,182151.0,disputed,NET30,0,,1211,true,1,,MISMATCH
INV-AA61BA25,VND-001,2022-01-27,2022-01-27,2022-02-01,594906.0,paid,NET30,0,5,0,false,6,,OK
INV-075030A7,VND-004,2024-11-16,2024-11-16,2025-01-13,282953.26,paid,NET30,0,58,0,false,5,,OK
INV-F2795D64,VND-006,2024-02-01,2024-02-01,,377095.29,disputed,NET15,0,,741,true,6,,OK
INV-6AE86E0D,VND-009,2024-09-23,2024-09-23,2024-10-04,76716.65,partial,NET30,0,11,506,true,1,,OK
INV-8B6EFB14,VND-005,2023-02-15,2023-02-15,2023-03-03,12218.74,paid,NET30,0,16,0,false,1,,MISMATCH
INV-DE4EA27D,VND-003,2024-07-31,2024-07-31,,14974.89,disputed,NET30,0,,560,true,0,,OK
INV-4F2D938D,VND-004,2023-07-05,2023-05-07,,269477.82,pending,NET30,-59,,1011,true,7,,OK
INV-6336F935,VND-004,2024-01-18,2024-01-18,,42531.45,disputed,NET30,0,,755,true,0,,OK
INV-4038D04A,VND-003,2024-11-09,2024-09-11,2024-11-21,145768.5,paid,NET30,-59,12,0,false,4,,MISMATCH
INV-6E8C78A5,VND-008,2023-10-06,2023-10-06,2023-11-06,308103.71,partial,NET30,0,31,859,true,2,,MISMATCH
INV-EF4B7DB3,VND-010,2022-12-05,2022-12-05,2023-01-05,172742.32,paid,NET60,0,31,0,false,3,,OK
INV-D31CCD5E,VND-007,2022-04-01,2022-04-01,,235981.06,overdue,NET30,0,,1412,true,5,,OK
INV-C982A53D,VND-003,2022-12-23,2022-12-23,,193213.47,pending,NET30,0,,1146,true,4,,OK
INV-C764AE46,VND-002,2022-01-18,2022-01-18,,115205.13,pending,NET45,0,,1485,true,4,,OK
INV-CCC7D5CC,VND-006,2022-01-08,2022-08-01,2022-01-29,265511.9,paid,NET15,205,21,0,false,4,,OK
INV-A83DA848,VND-006,2023-05-07,2023-07-05,,264508.77,disputed,NET15,59,,952,true,5,,MISMATCH
INV-9D86A381,VND-003,2023-10-20,2023-10-20,2023-11-27,343941.36,paid,NET30,0,38,0,false,8,,OK
INV-60BF9088,VND-001,2023-12-07,2023-07-12,2023-12-30,183925.05,paid,NET30,-148,23,0,false,2,,OK
INV-FEF1FD09,VND-002,2022-10-20,2022-10-20,2023-01-01,73598.22,paid,NET45,0,73,0,false,1,,OK
INV-012413A0,VND-001,2022-04-05,2022-04-05,2022-05-02,27239.28,partial,NET30,0,27,1408,true,3,,OK
INV-20904547,VND-007,2023-11-25,2023-11-25,2024-01-06,32750.93,paid,NET30,0,42,0,false,1,,OK
INV-3DEDFCCC,VND-003,2023-05-14,2023-05-14,,417657.48,overdue,NET30,0,,1004,true,5,,MISMATCH
INV-478346C9,VND-002,2022-01-14,2022-01-14,2022-02-13,183933.2,paid,NET45,0,30,0,false,6,,OK
INV-E5461D4F,VND-003,2024-08-22,2024-08-22,2024-09-26,320380.65,paid,NET30,0,35,0,false,2,,MISMATCH
INV-CF209F2E,VND-005,2022-04-01,2022-01-04,2022-05-31,-106112.81,paid,NET30,-87,60,0,false,2,,OK
INV-3292539A,VND-002,2022-11-08,2022-11-08,,484574.33,overdue,NET45,0,,1191,true,3,,OK
INV-38AEA611,VND-005,2022-03-25,2022-03-25,2022-04-19,356183.18,paid,NET30,0,25,0,false,3,,OK
INV-5AEDBE83,VND-007,2023-04-09,2023-09-04,2023-10-05,222591.52,paid,NET30,148,179,0,false,2,,MISMATCH
INV-950098BF,VND-003,2024-02-24,2024-02-24,,377037.11,pending,NET30,0,,718,true,8,,OK
INV-7E16DBA6,VND-003,2024-12-13,2024-12-13,,532383.0,pending,NET30,0,,425,true,4,,MISMATCH
INV-8229CBA0,VND-001,2024-06-15,2024-06-15,,324963.36,pending,NET30,0,,606,true,4,,OK
INV-07542746,VND-005,2024-03-08,2024-08-03,2024-08-21,338053.34,paid,NET30,148,166,0,false,3,,MISMATCH
INV-3ED30636,VND-004,2024-12-22,2024-12-22,,10188.58,disputed,NET30,0,,416,true,1,,OK
INV-02788C36,VND-008,2022-09-13,2022-09-13,,330759.51,pending,NET30,0,,1247,true,4,,OK
INV-2A641670,VND-007,2024-02-01,2024-02-01,2024-02-09,258999.26,paid,NET30,0,8,0,false,7,,OK
INV-E55D7131,VND-007,2022-02-17,2022-02-17,2022-04-06,471144.0,partial,NET30,0,48,1455,true,2,,OK
INV-6E2C26FD,VND-008,2023-12-01,2023-01-12,2023-02-27,882657.52,paid,NET30,-323,-277,0,false,7,,MISMATCH
INV-446B8783,VND-002,2023-03-15,2023-03-15,,32356.45,disputed,NET45,0,,1064,true,2,,MISMATCH
INV-61566059,VND-007,2023-06-04,2023-04-06,,503244.2,disputed,NET30,-59,,1042,true,6,,MISMATCH
INV-39A61641,VND-006,2023-01-19,2023-01-19,,183968.66,overdue,NET15,0,,1119,true,1,,OK
INV-A642CB57,VND-005,2024-08-02,2024-08-02,,444710.85,overdue,NET30,0,,558,true,4,,OK
INV-2307CC9C,VND-002,2024-03-18,2024-03-18,2024-05-21,328994.94,paid,NET45,0,64,0,false,3,,OK
INV-F1710D54,VND-001,2023-08-18,2023-08-18,2023-09-22,213765.31,paid,NET30,0,35,0,false,4,,OK
INV-87947A06,VND-008,2022-01-22,2022-01-22,,220150.84,disputed,NET30,0,,1481,true,2,,MISMATCH
INV-86FB7348,VND-007,2023-07-21,2023-07-21,,189654.53,pending,NET30,0,,936,true,3,,MISMATCH
INV-DFAB0C47,VND-007,2024-04-11,2024-04-11,,96278.48,disputed,NET30,0,,671,true,2,,OK
INV-DEEF6C36,VND-003,2023-01-24,2023-01-24,,170408.51,overdue,NET30,0,,1114,true,2,,OK
INV-12C9D223,VND-003,2022-06-09,2022-09-06,2022-10-20,123215.59,partial,NET30,89,133,1254,true,2,,OK
INV-E8A7CFC3,VND-007,2022-05-30,2022-05-30,2022-05-10,551959.38,partial,NET30,0,-20,1353,true,6,,OK
INV-51CBC583,VND-001,2022-05-27,2022-05-27,2022-07-08,112484.37,partial,NET30,0,42,1356,true,1,,OK
INV-BB1821B8,VND-002,2022-12-15,2022-12-15,,377156.44,disputed,NET45,0,,1154,true,7,,OK
INV-0C19ACCE,VND-008,2023-06-10,2023-10-06,,59300.6,disputed,NET30,118,,859,true,2,,MISMATCH
INV-F26E066E,VND-001,2024-02-27,2024-02-27,2024-04-08,113968.08,paid,NET30,0,41,0,false,4,,OK
INV-7B6104E2,VND-003,2023-01-21,2023-01-21,2023-01-29,93226.44,paid,NET30,0,8,0,false,4,,MISMATCH
INV-59AA361B,VND-005,2023-07-10,2023-07-10,,157237.91,overdue,NET30,0,,947,true,3,,MISMATCH
INV-0414ECAE,VND-007,2022-07-06,2022-06-07,,52197.72,overdue,NET30,-29,,1345,true,1,,OK
INV-BBB4DB8B,VND-001,2023-08-16,2023-08-16,,21442.11,overdue,NET30,0,,910,true,2,,MISMATCH
INV-E5B2A2F3,VND-003,2023-07-26,2023-07-26,2023-09-02,96550.54,partial,NET30,0,38,931,true,3,,OK
INV-2429DDDA,VND-002,2022-12-11,2022-12-11,2023-02-12,193322.51,paid,NET45,0,63,0,false,2,,OK
INV-EC0CABD5,VND-007,2024-04-29,2024-04-29,2024-05-11,570145.11,paid,NET30,0,12,0,false,6,,OK
INV-A7E6A16C,VND-001,2023-06-28,2023-06-28,2023-07-14,514587.81,partial,NET30,0,16,959,true,7,,OK
INV-389D2939,VND-008,2022-05-03,2022-05-03,2022-03-14,101911.98,partial,NET30,0,-50,1380,true,1,,MISMATCH
INV-F6D22CEA,VND-001,2023-10-08,2023-08-10,2023-11-03,782878.32,paid,NET30,-59,26,0,false,6,,MISMATCH
INV-69411BD3,VND-005,2022-03-09,2022-09-03,,238427.95,disputed,NET30,178,,1257,true,2,,OK
INV-C221BCBD,VND-007,2022-02-01,2022-02-01,2022-02-26,90472.55,paid,NET30,0,25,0,false,1,,OK
INV-263C241A,VND-004,2024-01-10,2024-01-10,2024-01-31,377033.07,paid,NET30,0,21,0,false,2,,OK
INV-CAE380AB,VND-003,2023-04-08,2023-08-04,2023-05-17,49223.49,partial,NET30,118,39,922,true,3,,OK
INV-7BF83003,VND-004,2022-11-17,2022-11-17,,575550.04,overdue,NET30,0,,1182,true,8,,OK
INV-04400736,VND-003,2022-03-13,2022-03-13,,278852.7,overdue,NET30,0,,1431,true,7,,OK
INV-0DA3D080,VND-002,2022-02-18,2022-02-18,,483434.31,disputed,NET45,0,,1454,true,6,,OK
INV-8E326D43,VND-008,2022-04-17,2022-04-17,,333136.66,overdue,NET30,0,,1396,true,2,,OK
INV-E6CED587,VND-003,2023-07-24,2023-07-24,2023-09-13,8263.45,paid,NET30,0,51,0,false,5,,MISMATCH
INV-6372C8C7,VND-002,2024-01-26,2024-01-26,,188385.98,pending,NET45,0,,747,true,4,,OK
INV-3D514350,VND-008,2023-06-05,2023-06-05,2023-07-22,594156.02,paid,NET30,0,47,0,false,7,,MISMATCH
INV-2EAFD101,VND-003,2024-03-03,2024-03-03,2024-05-01,46019.89,partial,NET30,0,59,710,true,1,,OK
INV-EDC271D2,VND-001,2022-03-02,2022-03-02,,621146.33,disputed,NET30,0,,1442,true,6,,OK
INV-E4A518CC,VND-006,2024-12-19,2024-12-19,2025-01-26,487762.04,partial,NET15,0,38,419,true,6,,MISMATCH
INV-74230110,VND-005,2024-10-14,2024-10-14,2024-10-01,40225.68,partial,NET30,0,-13,485,true,1,,MISMATCH
INV-BC6E6EC6,VND-003,2024-11-26,2024-11-26,,617396.56,overdue,NET30,0,,442,true,7,,MISMATCH
INV-2D5B58B2,VND-002,2022-10-24,2022-10-24,,175132.84,pending,NET45,0,,1206,true,4,,MISMATCH
INV-93697745,VND-005,2022-11-19,2022-11-19,,92988.19,pending,NET30,0,,1180,true,1,,MISMATCH
INV-E0783933,VND-005,2022-07-08,2022-07-08,2022-08-26,331877.23,paid,NET30,0,49,0,false,6,,OK
INV-907184B2,VND-007,2023-12-15,2023-12-15,2024-01-21,170929.75,paid,NET30,0,37,0,false,5,,OK
INV-2C9B706E,VND-003,2023-05-13,2023-05-13,2023-06-20,349018.23,paid,NET30,0,38,0,false,3,,OK
INV-F5F2672F,VND-008,2024-05-11,2024-11-05,2024-06-22,390356.19,paid,NET30,178,42,0,false,8,,OK
INV-C0371272,VND-007,2023-03-18,2023-03-18,,335158.14,pending,NET30,0,,1061,true,7,,OK
INV-F05E6A6A,VND-007,2023-04-14,2023-04-14,,398066.71,overdue,NET30,0,,1034,true,6,,OK
INV-88B58C20,VND-001,2023-05-21,2023-05-21,2023-06-29,44735.2,paid,NET30,0,39,0,false,2,,OK
INV-34B8E45E,VND-005,2022-05-27,2022-05-27,,295637.79,disputed,NET30,0,,1356,true,5,,MISMATCH
INV-7BC16926,VND-005,2022-09-29,2022-09-29,,253706.48,overdue,NET30,0,,1231,true,2,,MISMATCH
INV-0F562FFA,VND-007,2022-01-24,2022-01-24,,163591.21,disputed,NET30,0,,1479,true,3,,OK
INV-62FE7927,VND-003,2022-09-29,2022-09-29,,13518.37,pending,NET30,0,,1231,true,1,,MISMATCH
INV-35982E61,VND-001,2022-08-24,2022-08-24,2022-09-24,34853.35,paid,NET30,0,31,0,false,2,,OK
INV-C92C0B9A,VND-006,2024-02-08,2024-02-08,2024-03-05,204704.61,paid,NET15,0,26,0,false,5,,OK
INV-5477DFBC,VND-004,2023-09-11,2023-11-09,2023-11-22,321604.1,paid,NET30,59,72,0,false,3,,OK
INV-597B699F,VND-002,2022-05-08,2022-05-08,,269003.47,pending,NET45,0,,1375,true,5,,MISMATCH
INV-C4D48472,VND-007,2023-10-12,2023-12-10,2023-11-01,71625.21,partial,NET30,59,20,794,true,1,,OK
INV-AE08F0D7,VND-003,2023-07-21,2023-07-21,,139727.62,overdue,NET30,0,,936,true,3,,OK
INV-278466C0,VND-001,2022-11-25,2022-11-25,2023-01-15,260028.7,partial,NET30,0,51,1174,true,4,,MISMATCH
INV-91F1CE4A,VND-004,2024-02-01,2024-02-01,2024-03-18,453196.46,paid,NET30,0,46,0,false,4,,OK
INV-E5382346,VND-001,2022-07-27,2022-07-27,2022-08-09,38252.51,paid,NET30,0,13,0,false,1,,OK
INV-4CAAB496,VND-004,2022-07-07,2022-07-07,2022-08-30,894983.61,partial,NET30,0,54,1315,true,6,,OK
INV-6A23BD3F,VND-004,2022-05-27,2022-05-27,2022-06-25,118254.17,partial,NET30,0,29,1356,true,3,,MISMATCH
INV-A85DE604,VND-001,2022-07-21,2022-07-21,,122533.81,disputed,NET30,0,,1301,true,2,,OK
INV-CEEB9761,VND-007,2023-02-02,2023-02-02,2023-03-15,345647.61,paid,NET30,0,41,0,false,3,,OK
INV-CA25DCDD,VND-008,2023-03-11,2023-03-11,2023-12-16,143784.75,paid,NET30,0,280,0,false,2,,OK
INV-C6807C7A,VND-004,2022-03-21,2022-03-21,2022-05-02,154537.75,partial,NET30,0,42,1423,true,6,,OK
INV-6EF51ABF,VND-007,2022-09-28,2022-09-28,,121513.16,disputed,NET30,0,,1232,true,2,,MISMATCH
INV-0C5477EF,VND-004,2023-08-20,2023-08-20,,168552.5,pending,NET30,0,,906,true,2,,OK
INV-51EE6CF7,VND-001,2023-05-03,2023-03-05,2023-06-06,314109.82,partial,NET30,-59,34,1074,true,6,,MISMATCH
INV-B49EF1BD,VND-003,2022-08-19,2022-08-19,,12724.16,pending,NET30,0,,1272,true,3,,OK
INV-CFC53DFD,VND-004,2024-11-09,2024-11-09,2024-11-30,142956.4,partial,NET30,0,21,459,true,1,,MISMATCH
INV-92348672,VND-004,2022-06-17,2022-06-17,,261612.13,overdue,NET30,0,,1335,true,7,,OK
INV-12A3F4DD,VND-006,2024-04-15,2024-04-15,,537051.65,pending,NET15,0,,667,true,5,,OK
INV-84936EB5,VND-003,2023-09-20,2023-09-20,2023-10-10,409588.56,paid,NET30,0,20,0,false,4,,MISMATCH
INV-5BF7786D,VND-007,2024-04-29,2024-04-29,,85418.01,pending,NET30,0,,653,true,1,,OK
INV-62684A2A,VND-003,2024-01-18,2024-01-18,2024-03-16,130744.31,paid,NET30,0,58,0,false,2,,OK
INV-3088A67A,VND-001,2024-10-30,2024-10-30,2024-11-22,386247.02,paid,NET30,0,23,0,false,6,,OK
INV-35D6521A,VND-008,2022-12-25,2022-12-25,2023-01-28,10686.63,paid,NET30,0,34,0,false,2,,OK
INV-55DF36E5,VND-003,2023-09-08,2023-09-08,2023-10-03,411148.41,paid,NET30,0,25,0,false,8,,OK
INV-2BB16E28,VND-005,2022-11-17,2022-11-17,,14901.96,overdue,NET30,0,,1182,true,0,,MISMATCH
INV-8C5F69E3,VND-004,2023-07-11,2023-11-07,2023-08-28,93797.56,partial,NET30,119,48,827,true,2,,OK
INV-AB2F156A,VND-003,2024-10-11,2024-10-11,,68829.75,pending,NET30,0,,488,true,4,,OK
INV-7949870C,VND-005,2024-07-25,2024-07-25,,343100.69,overdue,NET30,0,,566,true,5,,OK
INV-0EFD799B,VND-006,2023-10-02,2023-10-02,2023-03-27,293284.74,paid,NET15,0,-189,0,false,5,,OK
INV-2B1F180F,VND-004,2024-01-31,2024-01-31,,392617.55,disputed,NET30,0,,742,true,5,,MISMATCH
INV-211DC970,VND-002,2023-07-01,2023-07-01,,112867.44,pending,NET45,0,,956,true,3,,OK
INV-795DD81C,VND-007,2023-11-20,2023-11-20,,216618.69,pending,NET30,0,,814,true,5,,OK
INV-022606AB,VND-010,2023-03-30,2023-03-30,2023-06-20,533132.93,paid,NET60,0,82,0,false,3,,OK
INV-61307A6B,VND-007,2023-12-17,2023-12-17,,174011.43,disputed,NET30,0,,787,true,3,,OK
INV-F5F6C867,VND-001,2023-11-25,2023-11-25,2024-01-11,152397.56,partial,NET30,0,47,809,true,3,,OK
INV-E056E924,VND-006,2024-01-22,2024-01-22,,176477.35,pending,NET15,0,,751,true,2,,OK
INV-F261A2B4,VND-001,2022-04-15,2022-04-15,,508162.69,disputed,NET30,0,,1398,true,7,,OK
INV-007CD370,VND-003,2023-12-17,2023-12-17,2024-02-06,209215.14,paid,NET30,0,51,0,false,2,,OK
INV-9475BC05,VND-004,2023-09-12,2023-09-12,2023-10-10,5798.45,paid,NET30,0,28,0,false,0,,OK
INV-792276EC,VND-004,2022-10-26,2022-10-26,,296568.52,overdue,NET30,0,,1204,true,8,,MISMATCH
INV-8D263DEE,VND-002,2022-08-21,2022-08-21,2022-10-20,161226.23,partial,NET45,0,60,1270,true,5,,MISMATCH
INV-D9A9100E,VND-006,2023-08-09,2023-08-09,2023-09-17,133049.77,paid,NET15,0,39,0,false,3,,OK
INV-D327C7A3,VND-006,2023-07-13,2023-07-13,,76207.0,overdue,NET15,0,,944,true,2,,OK
INV-9806D322,VND-008,2024-05-28,2024-05-28,2024-06-09,103499.71,partial,NET30,0,12,624,true,1,,OK
INV-F68990CD,VND-007,2022-01-03,2022-03-01,2022-03-03,87024.06,paid,NET30,57,59,0,false,2,,OK
INV-F11A315D,VND-007,2022-10-10,2022-10-10,2022-10-16,201181.67,paid,NET30,0,6,0,false,1,,MISMATCH
INV-C559686C,VND-006,2024-05-22,2024-05-22,2024-05-27,5225.66,paid,NET15,0,5,0,false,1,,MISMATCH
INV-20740F91,VND-005,2022-06-13,2022-06-13,2022-08-04,253228.37,partial,NET30,0,52,1339,true,3,,MISMATCH
INV-3877DBE5,VND-008,2022-10-16,2022-10-16,,350586.4,disputed,NET30,0,,1214,true,5,,OK
INV-B554F8CA,VND-006,2022-02-27,2022-02-27,2022-04-12,447262.68,paid,NET15,0,44,0,false,5,,OK
INV-67234847,VND-005,2022-08-01,2022-01-08,2022-02-20,180061.45,partial,NET30,-205,-162,1495,true,1,,MISMATCH
INV-32AFD406,VND-006,2024-07-13,2024-07-13,2024-07-22,237941.86,paid,NET15,0,9,0,false,3,,MISMATCH
INV-729E3075,VND-001,2022-03-02,2022-02-03,,408524.15,overdue,NET30,-27,,1469,true,6,,MISMATCH
INV-8CEDD3B8,VND-003,2024-01-11,2024-11-01,2024-11-30,463461.97,paid,NET30,295,324,0,false,6,,OK
INV-ED0B1CC5,VND-003,2023-10-19,2023-10-19,2023-10-26,362691.64,paid,NET30,0,7,0,false,4,,MISMATCH
INV-0BCBE26F,VND-007,2022-06-01,2022-06-01,2022-07-20,69574.79,paid,NET30,0,49,0,false,3,,OK
INV-3DD2E785,VND-002,2023-07-06,2023-06-07,,1636.46,disputed,NET45,-29,,980,true,1,,MISMATCH
INV-C560A5EE,VND-006,2022-03-14,2022-03-14,2022-04-07,273962.88,partial,NET15,0,24,1430,true,4,,MISMATCH
INV-5219FA55,VND-006,2024-10-02,2024-02-10,,401546.59,overdue,NET15,-235,,732,true,6,,OK
INV-24CCBA91,VND-006,2023-10-07,2023-07-10,2023-10-23,475123.57,partial,NET15,-89,16,947,true,6,,OK
INV-520D8246,VND-004,2024-08-08,2024-08-08,,833.53,disputed,NET30,0,,552,true,1,,MISMATCH
INV-5AC95611,VND-004,2023-03-20,2023-03-20,2023-05-11,83011.63,partial,NET30,0,52,1059,true,3,,OK
INV-565E295B,VND-007,2022-04-18,2022-04-18,,409691.19,overdue,NET30,0,,1395,true,6,,OK
INV-11A7F9BE,VND-001,2023-02-08,2023-02-08,2023-08-21,340335.33,partial,NET30,0,194,1099,true,5,,OK
INV-6E1253E6,VND-008,2023-04-15,2023-04-15,2023-05-20,411927.62,paid,NET30,0,35,0,false,7,,OK
INV-C77A8FE9,VND-007,2023-05-24,2023-05-24,2023-06-26,329991.96,paid,NET30,0,33,0,false,4,,OK
INV-EB13F146,VND-003,2023-03-15,2023-03-15,2023-03-23,363420.65,paid,NET30,0,8,0,false,4,,MISMATCH
INV-2A3F2415,VND-005,2024-07-21,2024-07-21,,392891.39,overdue,NET30,0,,570,true,6,,OK
INV-418FFB54,VND-001,2022-08-22,2022-08-22,,324140.96,disputed,NET30,0,,1269,true,6,,OK
INV-E46B6989,VND-002,2023-03-12,2023-12-03,2023-12-19,462028.65,paid,NET45,266,282,0,false,5,,OK
INV-3B911BFA,VND-001,2022-07-13,2022-07-13,2022-08-02,499105.82,paid,NET30,0,20,0,false,6,,OK
INV-0FF987C6,VND-006,2023-08-28,2023-08-28,,271726.0,overdue,NET15,0,,898,true,4,,OK
INV-39719D35,VND-004,2022-09-21,2022-09-21,2022-11-03,359819.94,partial,NET30,0,43,1239,true,7,,MISMATCH
INV-DA01214D,VND-009,2022-08-27,2022-08-27,2022-09-30,219906.01,partial,NET30,0,34,1264,true,2,,MISMATCH
INV-1D8F7BF6,VND-004,2023-09-30,2023-09-30,2023-11-23,98605.03,partial,NET30,0,54,865,true,1,,OK
INV-FB986E04,VND-004,2023-06-27,2023-06-27,2023-08-21,20381.7,partial,NET30,0,55,960,true,2,,OK
INV-81E81B8F,VND-004,2022-01-14,2022-01-14,,60729.76,pending,NET30,0,,1489,true,3,,MISMATCH
INV-B5CAE17E,VND-004,2024-05-04,2024-05-04,,141322.66,overdue,NET30,0,,648,true,3,,OK
INV-B112FD2B,VND-003,2024-02-22,2024-02-22,2024-03-13,113676.09,paid,NET30,0,20,0,false,2,,OK
INV-78973DAD,VND-003,2024-11-23,2024-11-23,,163157.49,pending,NET30,0,,445,true,1,,OK
INV-88603894,VND-005,2023-07-08,2023-08-07,2023-07-27,63080.17,paid,NET30,30,19,0,false,3,,OK
INV-65E86DEB,VND-008,2023-12-10,2023-10-12,2024-01-12,-66084.88,paid,NET30,-59,33,0,false,2,,OK
INV-C695541A,VND-005,2023-09-07,2023-09-07,2023-10-16,200141.3,partial,NET30,0,39,888,true,4,,OK
INV-FA268CAC,VND-006,2024-07-07,2024-07-07,2024-08-06,198970.82,paid,NET15,0,30,0,false,5,,OK
INV-73351A23,VND-004,2024-09-18,2024-09-18,2024-11-17,92564.14,paid,NET30,0,60,0,false,4,,OK
INV-70016F1E,VND-007,2024-07-18,2024-07-18,,154565.78,pending,NET30,0,,573,true,2,,MISMATCH
INV-FE696F3B,VND-002,2023-01-18,2023-01-18,2023-03-11,502413.5,partial,NET45,0,52,1120,true,7,,MISMATCH
INV-576CD6CB,VND-001,2023-06-02,2023-02-06,2023-07-27,209813.48,paid,NET30,-116,55,0,false,4,,OK
INV-00AAE9E4,VND-008,2023-04-14,2023-04-14,,676229.88,pending,NET30,0,,1034,true,6,,MISMATCH
INV-FAE08778,VND-006,2023-08-24,2023-08-24,2023-09-18,371518.05,paid,NET15,0,25,0,false,6,,OK
INV-E30D090C,VND-001,2022-07-27,2022-07-27,2022-08-08,34392.09,paid,NET30,0,12,0,false,2,,OK
INV-F5AA7171,VND-006,2024-07-01,2024-07-01,2024-01-31,2854.85,paid,NET15,0,-152,0,false,1,,MISMATCH
INV-023EB976,VND-001,2024-06-04,2024-06-04,2024-06-21,831250.22,paid,NET30,0,17,0,false,6,,MISMATCH
INV-F3CE8668,VND-004,2023-06-09,2023-09-06,,270322.6,pending,NET30,89,,889,true,2,,OK
INV-A8E73A54,VND-002,2024-09-01,2024-09-01,2024-09-18,312807.04,partial,NET45,0,17,528,true,2,,OK
INV-87431148,VND-006,2022-05-14,2022-05-14,2022-06-17,454912.45,paid,NET15,0,34,0,false,5,,OK
INV-2A3EAA9D,VND-006,2023-05-03,2023-05-03,2023-03-15,38518.72,paid,NET15,0,-49,0,false,1,,OK
INV-DE76FEEC,VND-004,2022-02-07,2022-07-02,,435174.27,disputed,NET30,145,,1320,true,7,,OK
INV-DB218258,VND-005,2023-09-15,2023-09-15,2023-10-16,460305.16,paid,NET30,0,31,0,false,6,,MISMATCH
INV-EBC0B234,VND-001,2024-03-07,2024-07-03,2024-04-23,-7237.56,partial,NET30,118,47,588,true,0,,OK
INV-11406D9B,VND-002,2023-01-09,2023-09-01,2023-10-06,224363.88,partial,NET45,235,270,894,true,4,,MISMATCH
INV-4ECF0190,VND-002,2023-01-22,2023-01-22,2023-02-02,135427.01,partial,NET45,0,11,1116,true,3,,MISMATCH
INV-CB8ECEB6,VND-001,2023-07-22,2023-07-22,2023-07-30,429622.93,paid,NET30,0,8,0,false,5,,MISMATCH
INV-92F49C10,VND-007,2024-08-17,2024-08-17,2024-08-31,475476.91,partial,NET30,0,14,543,true,5,,OK
INV-3F498816,VND-005,2022-06-07,2022-07-06,2022-06-26,324282.07,paid,NET30,29,19,0,false,5,,OK
INV-2618BD30,VND-004,2022-01-27,2022-01-27,2022-02-03,47423.37,partial,NET30,0,7,1476,true,1,,OK
INV-88802E9F,VND-004,2023-07-04,2023-07-04,2023-08-09,335594.99,partial,NET30,0,36,953,true,2,,MISMATCH
INV-A23C2AD7,VND-004,2024-10-27,2024-10-27,,346523.66,disputed,NET30,0,,472,true,4,,OK
INV-D6A2563A,VND-001,2023-11-10,2023-11-10,2023-12-04,8576.33,paid,NET30,0,24,0,false,1,,MISMATCH
INV-4EFE9B2B,VND-006,2024-01-15,2024-01-15,2024-02-04,72553.54,partial,NET15,0,20,758,true,2,,OK
INV-F4B4BC74,VND-006,2024-12-13,2024-12-13,2025-01-22,294267.09,paid,NET15,0,40,0,false,4,,OK
INV-D563F24D,VND-008,2024-06-09,2024-06-09,2024-10-11,81485.61,paid,NET30,0,124,0,false,1,,OK
INV-20AC2D6A,VND-008,2023-03-19,2023-03-19,,519433.74,pending,NET30,0,,1060,true,6,,MISMATCH
INV-6301662E,VND-007,2023-04-26,2023-04-26,2023-05-24,257154.27,paid,NET30,0,28,0,false,4,,OK
INV-8DE65E80,VND-004,2023-06-03,2023-06-03,2023-04-10,27630.51,paid,NET30,0,-54,0,false,1,,OK
INV-5FDD2EA5,VND-006,2022-04-13,2022-04-13,2022-05-24,259212.31,paid,NET15,0,41,0,false,2,,OK
INV-CF6924BA,VND-005,2024-07-26,2024-07-26,,264173.17,pending,NET30,0,,565,true,6,,OK
INV-81267E87,VND-008,2022-02-16,2022-02-16,,79834.26,pending,NET30,0,,1456,true,1,,MISMATCH
INV-D4DBD36B,VND-001,2022-07-14,2022-07-14,,357277.46,overdue,NET30,0,,1308,true,4,,MISMATCH
INV-CB6B6689,VND-006,2023-09-01,2023-09-01,,374259.68,disputed,NET15,0,,894,true,7,,OK
INV-16361250,VND-002,2022-11-07,2022-07-11,2022-11-24,92896.69,paid,NET45,-119,17,0,false,4,,OK
INV-671A876E,VND-001,2023-06-18,2023-06-18,,58355.16,disputed,NET30,0,,969,true,1,,OK
INV-B719FAEF,VND-003,2023-10-16,2023-10-16,,30697.92,pending,NET30,0,,849,true,1,,OK
INV-E0547DEC,VND-006,2024-11-16,2024-11-16,,416715.59,disputed,NET15,0,,452,true,3,,MISMATCH
INV-7F6ED953,VND-008,2022-11-24,2022-11-24,2023-01-04,66423.09,partial,NET30,0,41,1175,true,3,,MISMATCH
INV-6C037852,VND-002,2024-06-26,2024-06-26,,286735.06,overdue,NET45,0,,595,true,2,,MISMATCH
INV-F4A50670,VND-001,2022-12-17,2022-12-17,,362674.72,overdue,NET30,0,,1152,true,6,,MISMATCH
INV-B768DDE6,VND-002,2023-11-21,2023-11-21,2023-12-19,363405.86,partial,NET45,0,28,813,true,6,,OK
INV-DE1F5A1F,VND-004,2022-09-08,2022-09-08,,369882.97,disputed,NET30,0,,1252,true,6,,OK
INV-36483420,VND-002,2022-10-02,2022-10-02,,136045.62,pending,NET45,0,,1228,true,2,,OK
INV-5EFDEE73,VND-004,2023-05-29,2023-05-29,2023-07-05,153435.47,paid,NET30,0,37,0,false,4,,OK
INV-CB1187D6,VND-004,2022-12-05,2022-05-12,,106597.52,overdue,NET30,-207,,1371,true,2,,MISMATCH
INV-D1B374EF,VND-001,2024-12-14,2024-12-14,2024-12-26,156689.63,partial,NET30,0,12,424,true,5,,MISMATCH
INV-99698E84,VND-004,2022-05-27,2022-05-27,2022-07-25,353819.18,paid,NET30,0,59,0,false,3,,OK
INV-DC57CA97,VND-006,2024-10-09,2024-10-09,2024-09-30,550019.05,paid,NET15,0,-9,0,false,5,,OK
INV-FE49E24B,VND-008,2022-06-19,2022-06-19,,744575.9,pending,NET30,0,,1333,true,7,,MISMATCH
INV-3F1919BE,VND-007,2023-04-14,2023-04-14,,73283.43,pending,NET30,0,,1034,true,3,,OK
INV-7E365CBA,VND-003,2024-07-16,2024-07-16,,54888.3,disputed,NET30,0,,575,true,2,,OK
INV-BE8EBAC1,VND-006,2022-03-20,2022-03-20,,450494.92,overdue,NET15,0,,1424,true,6,,MISMATCH
INV-C303516D,VND-002,2023-05-05,2023-05-05,2023-05-24,252581.45,paid,NET45,0,19,0,false,5,,OK
INV-69B56962,VND-008,2023-10-08,2023-08-10,2023-10-27,246497.05,paid,NET30,-59,19,0,false,2,,OK
INV-BCE63C83,VND-004,2024-01-12,2024-01-12,,216243.66,pending,NET30,0,,761,true,1,,OK
INV-0357A029,VND-003,2023-10-10,2023-10-10,,513142.21,pending,NET30,0,,855,true,6,,OK
INV-22725EBE,VND-004,2024-02-07,2024-07-02,,538452.96,disputed,NET30,146,,589,true,5,,OK
INV-03C71799,VND-008,2023-03-28,2023-03-28,,351649.82,pending,NET30,0,,1051,true,5,,OK
INV-91BF08AB,VND-007,2023-12-07,2023-12-07,,-176074.03,overdue,NET30,0,,797,true,1,,OK
INV-EA8634A6,VND-002,2023-02-12,2023-12-02,2024-02-10,507072.51,paid,NET45,293,363,0,false,5,,OK
INV-A0CF1224,VND-002,2023-08-20,2023-08-20,2023-08-29,-58401.87,paid,NET45,0,9,0,false,4,,OK
INV-0EBA1FD3,VND-002,2024-05-16,2024-05-16,2024-07-06,220334.2,paid,NET45,0,51,0,false,7,,OK
INV-C0EC8347,VND-006,2023-01-11,2023-01-11,,251771.22,pending,NET15,0,,1127,true,4,,OK
INV-45FD3255,VND-006,2024-02-21,2024-02-21,,534133.96,pending,NET15,0,,721,true,6,,OK
INV-C26C4D17,VND-007,2024-01-31,2024-01-31,2024-02-27,461384.83,partial,NET30,0,27,742,true,5,,OK
INV-75B4DF3E,VND-001,2024-08-05,2024-05-08,2024-09-12,266983.24,paid,NET30,-89,38,0,false,8,,OK
INV-3AC6379F,VND-004,2024-12-05,2024-05-12,2024-12-31,227762.03,paid,NET30,-207,26,0,false,2,,MISMATCH
INV-C9D8C27F,VND-005,2023-09-09,2023-09-09,,419483.16,overdue,NET30,0,,886,true,6,,OK
INV-9F8E403C,VND-002,2022-06-17,2022-06-17,,204568.21,pending,NET45,0,,1335,true,3,,OK
INV-950C89F2,VND-001,2024-03-21,2024-03-21,2024-04-16,117896.26,partial,NET30,0,26,692,true,2,,OK
INV-86D78869,VND-005,2023-01-07,2023-07-01,,209899.5,pending,NET30,175,,956,true,3,,OK
INV-DD966339,VND-004,2023-08-10,2023-08-10,2023-09-18,10663.0,partial,NET30,0,39,916,true,1,,OK
INV-DAE63AC0,VND-004,2024-02-01,2024-02-01,2024-01-22,280343.89,paid,NET30,0,-10,0,false,3,,OK
INV-83906291,VND-006,2024-09-06,2024-09-06,2024-10-09,521520.12,paid,NET15,0,33,0,false,7,,OK
INV-879CC43D,VND-007,2023-09-06,2023-09-06,,215641.26,disputed,NET30,0,,889,true,5,,OK
INV-F9BFCCBC,VND-007,2023-02-20,2023-02-20,2023-03-10,309125.09,partial,NET30,0,18,1087,true,6,,MISMATCH
INV-5426478D,VND-004,2023-07-28,2023-07-28,2023-09-25,48845.9,partial,NET30,0,59,929,true,1,,MISMATCH
INV-0497D0D7,VND-008,2024-11-12,2024-12-11,2024-11-18,216051.67,paid,NET30,29,6,0,false,2,,OK
INV-A440FC84,VND-007,2024-09-23,2024-09-23,2024-10-13,181747.5,paid,NET30,0,20,0,false,3,,MISMATCH
INV-6ADC1C4D,VND-004,2024-04-29,2024-04-29,,381810.13,pending,NET30,0,,653,true,4,,OK
INV-3ACD0932,VND-003,2023-06-19,2023-06-19,2023-08-14,193427.5,partial,NET30,0,56,968,true,2,,MISMATCH
INV-5B87C9FC,VND-002,2022-10-24,2022-10-24,2023-01-04,335519.94,paid,NET45,0,72,0,false,3,,MISMATCH
INV-65AC07F0,VND-005,2023-07-08,2023-08-07,2023-08-18,332411.83,paid,NET30,30,41,0,false,4,,OK
INV-4B716431,VND-002,2022-07-23,2022-07-23,,280810.09,pending,NET45,0,,1299,true,2,,OK
INV-6FDCF08F,VND-007,2022-02-05,2022-05-02,,236756.51,disputed,NET30,86,,1381,true,4,,OK
INV-641016AA,VND-002,2022-08-06,2022-06-08,2022-09-13,351993.94,paid,NET45,-59,38,0,false,5,,OK
INV-3D4D9049,VND-007,2024-10-02,2024-10-02,2024-10-12,133013.29,paid,NET30,0,10,0,false,4,,OK
INV-82693F22,VND-006,2023-02-23,2023-02-23,,416749.73,overdue,NET15,0,,1084,true,2,,OK
INV-26881213,VND-002,2022-04-03,2022-04-03,2022-05-07,388217.88,paid,NET45,0,34,0,false,5,,OK
INV-2BAC0DC2,VND-001,2023-12-26,2023-12-26,2024-01-28,17696.57,paid,NET30,0,33,0,false,0,,OK
INV-B735A0F9,VND-006,2022-03-04,2022-04-03,,605642.03,pending,NET15,30,,1410,true,7,,OK
INV-AB1AA9D6,VND-006,2024-10-21,2024-10-21,2024-11-17,215929.92,paid,NET15,0,27,0,false,2,,OK
INV-6EC97757,VND-007,2024-07-10,2024-10-07,,227710.69,disputed,NET30,89,,492,true,3,,OK
INV-C65460CF,VND-001,2023-11-10,2023-10-11,2023-12-07,678220.0,paid,NET30,-30,27,0,false,5,,OK
INV-FF65CD80,VND-004,2024-08-16,2024-08-16,,49297.84,pending,NET30,0,,544,true,0,,MISMATCH
INV-6DB14B51,VND-005,2023-03-15,2023-03-15,,278799.88,pending,NET30,0,,1064,true,1,,OK
INV-D0278AAB,VND-008,2022-06-19,2022-06-19,,264527.64,disputed,NET30,0,,1333,true,4,,OK
INV-855C8692,VND-007,2024-09-25,2024-09-25,2024-11-01,297113.86,paid,NET30,0,37,0,false,3,,OK
INV-CE24FCDB,VND-003,2024-07-04,2024-07-04,2024-07-15,111744.26,paid,NET30,0,11,0,false,2,,OK
INV-80977CAA,VND-003,2022-09-03,2022-09-03,2022-09-10,852971.42,paid,NET30,0,7,0,false,7,,MISMATCH
INV-1E461C3E,VND-007,2022-03-04,2022-04-03,,47628.49,overdue,NET30,30,,1410,true,4,,OK
INV-82E7E2D3,VND-001,2022-10-04,2022-10-04,,22646.92,overdue,NET30,0,,1226,true,2,,OK
INV-3C780723,VND-005,2023-05-07,2023-05-07,,248445.8,disputed,NET30,0,,1011,true,4,,OK
INV-12FD83A8,VND-008,2022-04-15,2022-04-15,2022-05-26,94352.07,paid,NET30,0,41,0,false,1,,OK
INV-5C627A52,VND-003,2022-06-07,2022-07-06,2022-08-31,62785.24,partial,NET30,29,85,1316,true,2,,OK
INV-93F8C275,VND-008,2022-02-16,2022-02-16,2022-04-02,192820.98,paid,NET30,0,45,0,false,3,,MISMATCH
INV-638FFE9B,VND-007,2023-03-22,2023-03-22,2023-03-29,384245.08,partial,NET30,0,7,1057,true,6,,OK
INV-C05612AD,VND-002,2022-10-26,2022-10-26,2022-11-01,554699.55,paid,NET45,0,6,0,false,6,,OK
INV-E32C27B2,VND-002,2024-01-03,2024-03-01,2024-02-17,64135.81,paid,NET45,58,45,0,false,1,,OK
INV-D7D9B1D1,VND-006,2022-10-13,2022-10-13,,443094.69,overdue,NET15,0,,1217,true,5,,OK
INV-FB2445AC,VND-002,2023-09-29,2023-09-29,2023-10-22,144124.63,paid,NET45,0,23,0,false,6,,OK
INV-684903E7,VND-007,2023-10-10,2023-10-10,,452103.76,overdue,NET30,0,,855,true,4,,MISMATCH
INV-430D933F,VND-005,2023-01-15,2023-01-15,2023-02-09,130835.95,partial,NET30,0,25,1123,true,1,,OK
INV-2D892FF2,VND-002,2024-02-20,2024-02-20,2024-03-14,293180.49,partial,NET45,0,23,722,true,7,,OK
INV-0910923D,VND-001,2023-05-19,2023-05-19,2023-05-26,140258.87,paid,NET30,0,7,0,false,3,,OK
INV-B0103A72,VND-005,2023-07-31,2023-07-31,,306202.85,disputed,NET30,0,,926,true,6,,MISMATCH
INV-4DBFC5CE,VND-002,2023-02-13,2023-02-13,,64118.75,disputed,NET45,0,,1094,true,4,,OK
INV-90F7388F,VND-004,2024-01-07,2024-01-07,2024-08-27,78461.55,paid,NET30,0,233,0,false,1,,OK
INV-D65C487D,VND-008,2022-08-03,2022-03-08,2022-09-05,344460.2,paid,NET30,-148,33,0,false,5,,MISMATCH
INV-DB82AAA2,VND-008,2022-04-14,2022-04-14,2022-06-12,385935.84,paid,NET30,0,59,0,false,6,,OK
INV-9930BC60,VND-006,2024-10-09,2024-09-10,,249356.67,pending,NET15,-29,,519,true,5,,OK
INV-964B54FE,VND-003,2022-07-13,2022-07-13,,54905.5,pending,NET30,0,,1309,true,2,,MISMATCH
INV-C33A247A,VND-001,2023-09-12,2023-09-12,,345668.41,pending,NET30,0,,883,true,4,,MISMATCH
INV-3A27E49D,VND-003,2023-10-02,2023-02-10,,591511.99,disputed,NET30,-234,,1097,true,5,,OK
INV-AF69EC07,VND-004,2024-11-02,2024-11-02,,371117.96,pending,NET30,0,,466,true,7,,MISMATCH
INV-3918DB7F,VND-001,2024-09-10,2024-09-10,,108244.56,overdue,NET30,0,,519,true,3,,OK
INV-1D8F4147,VND-006,2024-06-13,2024-06-13,,289066.69,overdue,NET15,0,,608,true,7,,OK
INV-C8C12FB7,VND-006,2023-07-15,2023-07-15,,436754.15,pending,NET15,0,,942,true,5,,OK
INV-BFC93B20,VND-007,2024-06-18,2024-06-18,,186144.62,overdue,NET30,0,,603,true,4,,OK
INV-4FA1B267,VND-007,2022-06-26,2022-06-26,2022-07-17,197960.83,paid,NET30,0,21,0,false,5,,OK
INV-5B9DDBF9,VND-004,2024-12-09,2024-12-09,2025-01-06,668759.39,paid,NET30,0,28,0,false,4,,MISMATCH
INV-6CA43668,VND-002,2024-06-23,2024-06-23,2024-07-31,176257.65,paid,NET45,0,38,0,false,2,,OK
INV-C0B51CEF,VND-006,2024-05-01,2024-05-01,,29305.11,pending,NET15,0,,651,true,3,,MISMATCH
INV-7511DE82,VND-002,2022-09-13,2022-09-13,,79900.2,overdue,NET45,0,,1247,true,3,,OK
INV-91EAA40C,VND-003,2022-08-17,2022-08-17,2022-09-19,3630.77,paid,NET30,0,33,0,false,1,,OK
INV-351655DC,VND-005,2022-10-17,2022-10-17,2022-10-28,38657.09,paid,NET30,0,11,0,false,2,,OK
INV-80C2F16E,VND-004,2023-06-08,2023-08-06,,142616.65,overdue,NET30,59,,920,true,5,,OK
INV-44A1EE17,VND-006,2022-07-28,2022-07-28,2022-09-01,47394.52,paid,NET15,0,35,0,false,1,,OK
INV-581C1C3C,VND-005,2024-03-26,2024-03-26,2024-05-08,362562.07,paid,NET30,0,43,0,false,3,,OK
INV-5D19D9E7,VND-003,2023-11-14,2023-11-14,,232368.13,pending,NET30,0,,820,true,6,,MISMATCH
INV-33316A8D,VND-004,2022-10-12,2022-10-12,,69307.4,disputed,NET30,0,,1218,true,2,,OK
INV-13DA4594,VND-005,2023-03-22,2023-03-22,2023-03-28,178256.62,paid,NET30,0,6,0,false,2,,MISMATCH
INV-A164D850,VND-005,2024-10-19,2024-10-19,,439582.34,overdue,NET30,0,,480,true,7,,OK
INV-613ED7C5,VND-007,2022-11-29,2022-11-29,,385946.5,overdue,NET30,0,,1170,true,6,,OK
INV-EBAB0062,VND-001,2024-09-12,2024-12-09,2024-10-13,319801.34,paid,NET30,88,31,0,false,3,,OK
INV-D2A2E8B9,VND-003,2022-05-26,2022-05-26,2022-06-03,166716.68,paid,NET30,0,8,0,false,4,,OK
INV-ED37A2C2,VND-003,2023-10-16,2023-10-16,2023-10-31,601464.59,paid,NET30,0,15,0,false,6,,OK
INV-258C6BE5,VND-002,2023-05-03,2023-03-05,,60558.09,disputed,NET45,-59,,1074,true,2,,OK
INV-C286453B,VND-007,2023-02-27,2023-02-27,,232750.96,pending,NET30,0,,1080,true,6,,MISMATCH
INV-AFE98FAD,VND-001,2024-07-23,2024-07-23,2024-07-30,501261.71,paid,NET30,0,7,0,false,6,,MISMATCH
