product_id,product_name,category,vendor_id,price,cost,stock_quantity,times_sold,total_quantity_sold,revenue_contribution,unique_customers,review_count,avg_rating,profit_margin,price_tier,velocity_score,stock_turnover_rate,vendor_reliability_weighted_score
PRD-000387,Modern Fitness Tracker,Sports & Outdoors,VND-004,291.34,125.88,39,10,54,15825.53,10,0,0.0,0.5679275073796938,High,0.41666666,1.3846154,0.0
PRD-000467,Premium Shampoo Formula,Beauty & Personal Care,VND-008,291.91,125.41,192,6,37,11534.52,6,0,0.0,0.5703812819019561,High,0.22222222,0.19270833,0.0
PRD-000172,Advanced Sports Bra,Clothing,VND-005,944.69,333.2,320,12,58,51101.92,11,0,0.0,0.6472917041569192,Premium,0.375,0.18125,0.0
PRD-000073,Compact Technical Manual,Books & Media,VND-006,526.03,316.55,497,8,51,25697.64,8,0,0.0,0.39822823793319767,Premium,0.2857143,0.10261569,0.0
PRD-000126,Compact Monitor Stand,Electronics,VND-002,352.28,162.51,445,13,73,25161.630000000005,13,0,0.0,0.5386908141251278,High,0.3939394,0.16404495,0.0
PRD-000378,Deluxe Water Filter,Home & Kitchen,VND-003,386.48,180.81,248,11,64,25384.09,11,0,0.0,0.5321620782446699,High,0.36666667,0.2580645,0.0
PRD-000417,Deluxe Face Moisturizer,Beauty & Personal Care,VND-008,332.22,162.37,310,8,33,10775.63,8,0,0.0,0.5112576003852869,High,0.2857143,0.106451616,0.0
PRD-000180,Compact Denim Jeans,Clothing,VND-005,698.86,413.5,311,17,87,55613.01,17,0,0.0,0.4083221246029248,Premium,0.5151515,0.27974278,0.0
PRD-000472,Premium Hair Dryer,Beauty & Personal Care,VND-008,885.56,583.95,27,10,50,43883.64,10,0,0.0,0.34058674736889644,Premium,0.33333334,1.8518518,0.0
PRD-000203,professional action figure,Toys & Games,VND-007,600.3,207.15,48,11,31,16557.230000000003,11,0,0.0,0.6549225387306347,Premium,0.36666667,0.6458333,0.0
PRD-000127,ESSENTIAL USB HUB,,VND-008,980.85,625.51,493,12,65,60646.020000000004,12,0,0.0,0.3622776163531631,Premium,0.34285715,0.13184585,0.0
PRD-000177,Compact Monitor Stand,Electronics,VND-002,369.3,218.65,289,11,71,24970.399999999998,11,0,0.0,0.40793392905496884,High,0.3548387,0.24567474,0.0
PRD-000414,Deluxe Makeup Brush Set,Beauty & Personal Care,VND-008,278.03,138.55,347,14,73,19340.979999999996,14,0,0.0,0.5016724813869006,High,0.4117647,0.21037464,0.0
PRD-000327,Modern Casual Sneakers,Clothing,VND-005,713.54,320.72,439,9,47,33802.99999999999,9,0,0.0,0.5505227457465593,Premium,0.39130434,0.107061505,0.0
PRD-000362,Essential Body Lotion,Beauty & Personal Care,VND-008,45.23,20.57,28,12,65,2934.31,12,0,0.0,0.5452133539686048,Low,0.41379312,2.3214285,0.0
PRD-000166,classic tablet pro,Electronics,VND-001,993.47,397.33,283,8,57,55672.95,8,0,0.0,0.6000583812294282,Premium,0.24242425,0.20141342,0.0
PRD-000133,Modern Body Lotion,Beauty & Personal Care,VND-008,600.9,339.71,489,6,27,16068.150000000001,6,0,0.0,0.43466466966217343,Premium,0.25,0.055214725,0.0
PRD-000314,Modern Tennis Racket,Sports & Outdoors,VND-004,266.24,92.25,482,8,37,10112.739999999998,7,0,0.0,0.6535081129807693,High,0.23529412,0.07676349,0.0
PRD-000266,Smart Outdoor Play Set,Toys & Games,VND-007,20.49,7.18,264,15,62,1453.2700000000002,15,0,0.0,0.6495851634943874,Low,0.45454547,0.23484848,0.0
PRD-000043,modern running shoes,Sports & Outdoors,VND-004,308.4,163.55,360,14,76,23237.64,14,0,0.0,0.46968223086900124,High,0.4516129,0.21111111,0.0
PRD-000408,Compact Knife Set,Home & Kitchen,VND-003,16.8,10.61,61,6,45,860.79,6,0,0.0,0.36845238095238103,Low,0.26086956,0.73770493,0.0
PRD-000252,Modern Sports Bra,Clothing,VND-005,798.62,420.26,181,9,61,50085.420000000006,9,0,0.0,0.47376724850366886,Premium,0.33333334,0.33701658,0.0
PRD-000353,Advanced Smart Watch,Electronics,VND-001,907.77,393.42,64,8,32,28391.75,8,0,0.0,0.566608281833504,Premium,0.2962963,0.5,0.0
PRD-000388,Ultra Bike Helmet,Sports & Outdoors,VND-004,100.41,44.38,225,17,68,6782.899999999999,17,0,0.0,0.5580121501842445,Medium,0.5,0.30222222,0.0
PRD-000170,Compact Blender Pro,Home & Kitchen,VND-003,312.06,127.48,72,8,38,11741.07,8,0,0.0,0.5914888162532845,High,0.2580645,0.5277778,0.0
PRD-000398,Smart Monitor Stand,Electronics,VND-001,375.43,117.86,108,15,70,25394.760000000002,15,0,0.0,0.686066643582026,High,0.45454547,0.6481481,0.0
PRD-000272,Advanced Hair Dryer,Beauty & Personal Care,VND-008,889.81,364.12,298,7,43,38752.86,7,0,0.0,0.5907890448522718,Premium,0.23333333,0.1442953,0.0
PRD-000148,Essential Fitness Tracker,Sports & Outdoors,VND-004,10.27,4.01,360,14,74,916.75,14,0,0.0,0.6095423563777994,Low,0.5185185,0.20555556,0.0
PRD-000475,Deluxe Water Filter,Home & Kitchen,VND-003,769.63,415.23,473,6,19,15956.750000000002,6,0,0.0,0.4604810103556254,Premium,0.31578946,0.040169135,0.0
PRD-000357,Modern Cutting Board,Home & Kitchen,VND-003,464.88,152.03,92,9,68,32578.200000000004,9,0,0.0,0.6729693684391671,High,0.32142857,0.73913044,0.0
PRD-000330,Essential Nail Polish Set,Beauty & Personal Care,VND-008,192.23,72.94,274,4,27,5274.23,4,0,0.0,0.6205587057171097,Medium,0.22222222,0.09854015,0.0
PRD-000028,ESSENTIAL HISTORY BOOK,Books & Media,VND-006,417.52,251.59,395,11,76,31861.05,11,0,0.0,0.39741808775627513,High,0.44,0.19240506,0.0
PRD-000481,SMART SUNSCREEN SPF50,Beauty & Personal Care,VND-008,110.51,36.11,362,6,8,1108.7399999999998,6,0,0.0,0.6732422405212198,Medium,0.27272728,0.022099448,0.0
PRD-000496,Classic First Aid Kit,Health & Wellness,VND-009,33.63,16.36,71,6,24,875.25,6,0,0.0,0.5135295866785609,Low,0.2,0.33802816,0.0
PRD-000231,Essential Running Shorts,Clothing,VND-005,775.45,444.41,209,9,38,27923.18,9,0,0.0,0.42690050938164936,Premium,0.42857143,0.18181819,0.0
PRD-000141,Advanced Face Mask Pack,Beauty & Personal Care,VND-008,52.37,23.36,360,9,43,2386.45,9,0,0.0,0.5539430971930495,Medium,0.27272728,0.119444445,0.0
PRD-000428,Deluxe Webcam HD,Electronics,VND-002,343.87,178.88,400,11,45,15464.980000000001,11,0,0.0,0.4798034140809027,High,0.3548387,0.1125,0.0
PRD-000154,Ultra Action Figure,Toys & Games,VND-007,206.96,68.64,195,23,132,26784.809999999998,23,0,0.0,0.6683417085427135,High,0.8214286,0.6769231,0.0
PRD-000042,Advanced Monitor Stand,Electronics,VND-001,425.62,200.88,41,13,58,24294.009999999995,13,0,0.0,0.5280296978525445,High,0.41935483,1.4146341,0.0
PRD-000076,Advanced Leather Belt,Clothing,VND-005,574.08,292.54,375,10,42,24117.780000000002,10,0,0.0,0.4904194537346711,Premium,0.2857143,0.112,0.0
PRD-000171,Professional Children's Book,Books & Media,VND-006,392.65,172.26,287,10,51,18585.730000000003,10,0,0.0,0.561288679485547,High,0.3448276,0.17770036,0.0
PRD-000124,PROFESSIONAL WIRELESS HEADPHONES,Electronics,VND-002,803.57,550.38,457,11,58,45049.92,11,0,0.0,0.31508144903368723,Premium,0.34375,0.12691467,0.0
PRD-000215,Ultra Puzzle Set,Toys & Games,VND-007,420.36,146.99,427,7,34,13833.59,7,0,0.0,0.6503235322104862,High,0.21212122,0.07962529,0.0
PRD-000241,Smart Coffee Maker,Home & Kitchen,VND-003,738.52,249.01,198,13,52,38213.42,13,0,0.0,0.6628256513026052,Premium,0.41935483,0.26262626,0.0
PRD-000049,Deluxe Perfume Essence,Beauty & Personal Care,VND-008,969.88,607.88,188,9,18,15706.429999999998,9,0,0.0,0.37324205056295623,Premium,0.31034482,0.095744684,0.0
PRD-000286,Premium Face Mask Pack,Beauty & Personal Care,VND-008,762.71,270.5,283,17,79,60015.48,17,0,0.0,0.6453435775065228,Premium,0.53125,0.27915195,0.0
PRD-000194,Essential Tablet Pro,Electronics,VND-002,839.23,330.21,27,17,73,59591.10999999999,16,0,0.0,0.6065321783063046,Premium,0.5,2.7037036,0.0
PRD-000213,Essential Sunscreen SPF50,Beauty & Personal Care,VND-008,148.02,102.18,298,7,42,5866.929999999999,7,0,0.0,0.309687880016214,Medium,0.33333334,0.1409396,0.0
PRD-000162,Smart Makeup Brush Set,Beauty & Personal Care,VND-008,330.43,194.43,-41,10,30,8906.16,10,0,0.0,0.4115849045183549,High,0.29411766,0.0,0.0
PRD-000255,Deluxe Cookware Set,Home & Kitchen,VND-003,890.16,504.62,289,16,90,77525.27,16,0,0.0,0.4331131481980767,Premium,0.45714286,0.31141868,0.0
PRD-000500,Compact Webcam HD,Electronics,VND-010,852.08,403.5,341,7,30,24403.449999999997,7,0,0.0,0.5264529152192282,Premium,0.25925925,0.08797654,0.0
PRD-000114,Deluxe Wool Sweater,Clothing,VND-005,107.23,49.47,421,12,38,4120.16,12,0,0.0,0.5386552270819733,Medium,0.5217391,0.09026128,0.0
PRD-000385,Essential Power Bank,Electronics,VND-001,205.38,73.24,-8,14,82,17490.620000000003,14,0,0.0,0.6433927354172753,High,0.4,0.0,0.0
PRD-000173,Professional Dress Shirt,Clothing,VND-005,659.66,399.08,15,8,41,24479.21,8,0,0.0,0.3950216778340357,Premium,0.2580645,2.7333333,0.0
PRD-000437,Classic Tablet Pro,Electronics,VND-001,36.09,23.07,493,10,48,1791.4200000000003,10,0,0.0,0.3607647547797174,Low,0.29411766,0.097363085,0.0
PRD-000275,Modern Children's Book,Books & Media,VND-006,755.09,245.77,169,16,71,55438.23999999999,16,0,0.0,0.6745156206544916,Premium,0.516129,0.42011833,0.0
PRD-000390,Modern Wireless Headphones,,VND-001,916.64,549.96,140,8,36,31934.600000000002,8,0,0.0,0.40002618257985684,Premium,0.23529412,0.25714287,0.0
PRD-000225,Deluxe Dollhouse,Toys & Games,VND-007,663.47,206.18,315,8,39,25118.449999999997,8,0,0.0,0.6892399053461348,Premium,0.44444445,0.123809524,0.0
PRD-000349,Ultra Nail Polish Set,Beauty & Personal Care,VND-008,30.51,11.29,381,8,26,886.53,8,0,0.0,0.629957391019338,Low,0.32,0.06824147,0.0
PRD-000326,Essential Biography,Books & Media,VND-006,627.23,313.34,254,7,26,14183.050000000001,7,0,0.0,0.5004384356615597,Premium,0.29166666,0.10236221,0.0
PRD-000325,Professional Wool Sweater,Clothing,VND-005,728.42,496.15,300,5,23,16579.36,5,0,0.0,0.3188682353587216,Premium,0.17857143,0.07666667,0.0
PRD-000489,Compact Wool Sweater,Clothing,VND-005,622.12,388.09,412,8,39,23518.140000000003,8,0,0.0,0.376181444094387,Premium,0.2857143,0.09466019,0.0
PRD-000097,Professional Building Blocks,Toys & Games,VND-007,316.19,196.94,400,7,20,6327.99,7,0,0.0,0.3771466523292957,High,0.53846157,0.05,0.0
PRD-000478,SMART WORKOUT LEGGINGS,Clothing,VND-005,434.23,238.0,163,17,86,34891.77,17,0,0.0,0.4519033691822306,High,0.5862069,0.5276074,0.0
PRD-000317,Premium Smart Watch,Electronics,VND-001,828.29,518.66,-7,11,55,45466.96000000001,11,0,0.0,0.37381834864600566,Premium,0.33333334,0.0,0.0
PRD-000178,Premium Food Processor,Home & Kitchen,VND-003,22.08,8.26,40,9,56,1312.1599999999999,9,0,0.0,0.6259057971014492,Low,0.28125,1.4,0.0
PRD-000200,compact bike helmet,Sports & Outdoors,VND-004,72.35,42.99,207,12,78,5463.73,12,0,0.0,0.40580511402902547,Medium,0.4,0.3768116,0.0
PRD-000448,Essential Lipstick Collection,Beauty & Personal Care,VND-008,474.26,150.58,378,8,44,20923.47,8,0,0.0,0.6824948340572681,High,0.24242425,0.11640212,0.0
PRD-000119,Classic Dress Shirt,Clothing,VND-005,587.73,359.44,77,12,51,30742.43,12,0,0.0,0.38842665849965125,Premium,0.38709676,0.66233766,0.0
PRD-000301,Compact Dress Shirt,Clothing,VND-005,527.43,173.92,153,8,45,22589.339999999997,8,0,0.0,0.6702500805794134,Premium,0.47058824,0.29411766,0.0
PRD-000395,Modern Smart Watch,Electronics,VND-001,651.39,273.63,294,8,41,26822.09,8,0,0.0,0.5799290747478469,Premium,0.30769232,0.13945578,0.0
PRD-000031,Professional Science Kit,Toys & Games,VND-007,134.97,61.01,496,10,30,4556.150000000001,10,0,0.0,0.5479736237682449,Medium,0.29411766,0.06048387,0.0
PRD-000144,Professional Cotton T-Shirt,Clothing,VND-005,594.68,306.69,49,17,94,56619.2,16,0,0.0,0.4842772583574359,Premium,0.4857143,1.9183674,0.0
PRD-000306,Premium Face Mask Pack,Beauty & Personal Care,VND-008,84.36,38.59,425,9,36,3317.4099999999994,9,0,0.0,0.5425557136083451,Medium,0.29032257,0.08470588,0.0
PRD-000493,Classic Protein Powder,Health & Wellness,VND-009,236.79,77.42,379,15,90,20690.050000000003,14,0,0.0,0.6730436251530892,High,0.45454547,0.23746702,0.0
PRD-000081,Professional Mechanical Keyboard,Electronics,VND-002,561.41,228.81,211,8,29,15695.66,8,0,0.0,0.5924368999483444,Premium,0.33333334,0.13744076,0.0
PRD-000130,Compact Blender Pro,Home & Kitchen,VND-003,305.91,161.6,363,7,34,10139.439999999999,7,0,0.0,0.4717400542643262,High,0.33333334,0.09366391,0.0
PRD-000198,Deluxe Wireless Headphones,Electronics,VND-002,82.18,52.4,136,5,26,2277.96,5,0,0.0,0.36237527378924317,Medium,0.5,0.19117647,0.0
PRD-000284,Premium Webcam HD,Electronics,VND-001,741.85,377.3,375,9,42,29543.07,9,0,0.0,0.49140661858866347,Premium,0.27272728,0.112,0.0
PRD-000233,Essential Board Game Classic,Toys & Games,VND-007,476.37,143.5,416,12,59,28702.000000000004,12,0,0.0,0.6987635661355669,High,0.41379312,0.14182693,0.0
PRD-000064,Premium Coffee Maker,Home & Kitchen,VND-003,777.21,325.96,489,5,31,21998.72,5,0,0.0,0.5806024111887392,Premium,0.23809524,0.06339468,0.0
PRD-000438,Ultra Children's Book,Books & Media,VND-006,326.94,205.46,469,9,42,13620.51,9,0,0.0,0.37156664831467545,High,0.25714287,0.08955224,0.0
PRD-000161,Premium Cookware Set,Home & Kitchen,VND-003,100.48,40.22,162,9,41,4089.83,9,0,0.0,0.5997213375796179,Medium,0.33333334,0.25308642,0.0
PRD-000332,Essential Mechanical Keyboard,Electronics,VND-001,702.31,388.83,90,10,24,14357.639999999996,10,0,0.0,0.4463555979553189,Premium,0.5882353,0.26666668,0.0
PRD-000143,Premium Smart Watch,Electronics,VND-001,633.24,245.54,9,6,44,27907.010000000002,6,0,0.0,0.6122481207756933,Premium,0.20689656,4.888889,0.0
PRD-000295,Advanced Remote Control Car,Toys & Games,VND-007,197.95,106.8,235,10,34,6516.51,8,0,0.0,0.4604698156100025,Medium,0.4,0.14468086,0.0
PRD-000110,PREMIUM WOOL SWEATER,Clothing,VND-005,398.96,194.84,245,12,59,23166.89,12,0,0.0,0.511630238620413,High,0.46153846,0.24081632,0.0
PRD-000220,Compact Monitor Stand,Electronics,VND-001,949.29,608.04,111,12,72,71336.29000000001,12,0,0.0,0.3594791897102045,Premium,0.38709676,0.6486486,0.0
PRD-000207,Advanced Hair Dryer,Beauty & Personal Care,VND-008,696.22,383.43,235,12,58,38796.00000000001,12,0,0.0,0.44926890925282237,Premium,0.4,0.24680851,0.0
PRD-000222,Deluxe Webcam HD,Electronics,VND-002,998.73,392.65,52,9,47,46943.88,9,0,0.0,0.6068507003894947,Premium,0.32142857,0.90384614,0.0
PRD-000480,Ultra Casual Sneakers,Clothing,VND-005,260.66,158.74,79,6,40,10282.43,6,0,0.0,0.391007442645592,High,0.20689656,0.5063291,0.0
PRD-000175,Smart Outdoor Play Set,Toys & Games,VND-007,722.99,328.93,55,8,41,29664.370000000003,8,0,0.0,0.5450421167651005,Premium,0.2857143,0.74545455,0.0
PRD-000226,Professional Cookbook,Books & Media,VND-006,251.78,132.98,336,9,39,9703.31,8,0,0.0,0.47184049567082376,High,0.31034482,0.116071425,0.0
PRD-000187,Compact Shampoo Formula,Beauty & Personal Care,VND-008,289.42,126.27,154,9,50,14320.32,9,0,0.0,0.5637136341648816,High,0.32142857,0.32467532,0.0
PRD-000311,Professional USB Hub,Electronics,VND-001,219.85,123.14,6,7,49,10964.359999999999,7,0,0.0,0.43989083465999546,High,0.22580644,8.166667,0.0
PRD-000294,Smart Air Fryer,Home & Kitchen,VND-003,873.21,520.64,328,9,61,50465.89,9,0,0.0,0.40376312685379234,Premium,0.31034482,0.18597561,0.0
PRD-000158,Compact Gaming Mouse,Electronics,VND-002,809.49,334.19,316,11,52,40517.00000000001,11,0,0.0,0.5871598166746964,Premium,0.32352942,0.16455697,0.0
PRD-000205,Ultra Puzzle Set,Toys & Games,VND-007,476.27,230.24,323,10,47,22396.14,10,0,0.0,0.5165767316858084,High,0.2857143,0.14551084,0.0
PRD-000214,Advanced Gaming Mouse,Electronics,VND-001,375.92,125.72,212,8,30,11429.27,8,0,0.0,0.6655671419450947,High,0.32,0.14150943,0.0
PRD-000150,Ultra Power Bank,Electronics,VND-001,676.95,429.55,476,12,50,31674.09,12,0,0.0,0.3654627372774947,Premium,0.38709676,0.10504202,0.0
PRD-000201,Smart Bluetooth Speaker,Electronics,VND-001,822.52,498.19,411,10,42,34786.909999999996,10,0,0.0,0.39431260030151244,Premium,0.3125,0.10218978,0.0
PRD-000186,Deluxe Sunscreen SPF50,Beauty & Personal Care,VND-008,715.76,326.98,350,7,35,25948.58,7,0,0.0,0.5431708952721582,Premium,0.2413793,0.1,0.0
PRD-000344,Professional Bluetooth Speaker,Electronics,VND-002,662.88,372.62,96,6,27,17763.300000000003,6,0,0.0,0.43787714216751145,Premium,0.23076923,0.28125,0.0
PRD-000371,Advanced Perfume Essence,Beauty & Personal Care,VND-008,300.12,184.43,450,8,14,4192.8099999999995,8,0,0.0,0.38547914167666264,High,0.47058824,0.031111112,0.0
PRD-000229,Essential USB Hub,Electronics,VND-001,158.96,98.37,421,13,66,10400.84,12,0,0.0,0.38116507297433316,Medium,0.43333334,0.1567696,0.0
PRD-000195,Premium Board Game Classic,Toys & Games,VND-007,388.17,230.47,439,10,48,19452.25,10,0,0.0,0.40626529613313755,High,0.33333334,0.10933941,0.0
PRD-000069,Compact Bike Helmet,Sports & Outdoors,VND-004,750.25,496.03,305,11,68,49015.43,11,0,0.0,0.3388470509830057,Premium,0.36666667,0.22295082,0.0
PRD-000383,Smart Wireless Headphones,Electronics,VND-001,765.06,272.77,170,8,50,33375.94,8,0,0.0,0.643465871957755,Premium,0.25,0.29411766,0.0
PRD-000185,Classic Webcam HD,Electronics,VND-002,25.09,8.59,125,14,49,1381.4700000000005,14,0,0.0,0.657632522917497,Low,0.4375,0.392,0.0
PRD-000074,Classic Storage Container,Home & Kitchen,VND-003,561.7,217.27,97,11,49,26673.62,11,0,0.0,0.613192095424604,Premium,0.3548387,0.5051546,0.0
PRD-000348,Premium Monitor Stand,Electronics,VND-001,874.48,422.81,396,12,39,30548.980000000003,11,0,0.0,0.5165012350196688,Premium,0.46153846,0.09848485,0.0
PRD-000152,Modern Tablet Pro,Electronics,VND-001,367.98,230.24,214,11,57,19896.68,11,0,0.0,0.37431382140333713,High,0.3548387,0.26635513,0.0
PRD-000039,Professional Remote Control Car,Toys & Games,VND-007,82.75,39.06,271,13,62,5280.429999999999,13,0,0.0,0.52797583081571,Medium,0.40625,0.22878228,0.0
PRD-000181,Smart Water Bottle,Sports & Outdoors,VND-004,798.76,348.69,103,7,41,31935.100000000002,7,0,0.0,0.5634608643397265,Premium,0.29166666,0.39805827,0.0
PRD-000308,CLASSIC KITCHEN SCALE,Home & Kitchen,VND-003,365.63,219.54,82,13,63,22703.99,13,0,0.0,0.3995569291360118,High,0.41935483,0.76829267,0.0
PRD-000188,Advanced Tennis Racket,Sports & Outdoors,VND-004,838.37,505.4,350,10,52,42249.25,10,0,0.0,0.3971635435428272,Premium,0.3125,0.14857143,0.0
PRD-000103,Classic Science Kit,Toys & Games,VND-007,918.24,354.34,482,21,109,107193.48,21,0,0.0,0.6141096009757798,Premium,0.61764705,0.22614108,0.0
PRD-000267,Advanced Hair Dryer,Beauty & Personal Care,VND-008,69.88,32.76,149,13,62,4088.9700000000003,13,0,0.0,0.5311963365769892,Medium,0.44827586,0.4161074,0.0
PRD-000079,Classic Monitor Stand,,VND-002,187.55,93.83,288,9,50,9775.73,9,0,0.0,0.49970674486803524,Medium,0.2647059,0.1736111,0.0
PRD-000338,Modern Power Bank,Electronics,VND-002,953.69,649.94,88,10,65,62734.65000000001,10,0,0.0,0.3184997221319296,Premium,0.5,0.7386364,0.0
PRD-000019,Smart Technical Manual,Books & Media,VND-006,980.9,478.8,133,8,52,48813.79,8,0,0.0,0.5118768477928433,Premium,0.26666668,0.39097744,0.0
PRD-000461,Deluxe Self-Help Guide,Books & Media,VND-006,456.27,295.42,21,10,40,17542.78,10,0,0.0,0.35253249172639,High,0.41666666,1.9047619,0.0
PRD-000099,Compact Mystery Novel,Books & Media,VND-006,507.01,226.79,167,12,42,20773.620000000003,12,0,0.0,0.5526912684167966,Premium,0.38709676,0.251497,0.0
PRD-000115,Deluxe Tennis Racket,Sports & Outdoors,VND-004,918.84,380.43,228,10,66,59195.04,10,0,0.0,0.5859670889382266,Premium,0.29411766,0.28947368,0.0
PRD-000442,Classic Outdoor Play Set,Toys & Games,VND-007,567.72,179.12,79,11,62,35075.100000000006,11,0,0.0,0.6844923553864581,Premium,0.36666667,0.7848101,0.0
PRD-000164,Smart Gaming Mouse,Electronics,VND-001,823.8,431.15,265,9,42,32847.42,9,0,0.0,0.4766326778344258,Premium,0.29032257,0.15849057,0.0
PRD-000070,Premium Travel Guide,Books & Media,VND-006,493.93,255.1,157,7,21,10908.91,7,0,0.0,0.48353005486607414,High,0.22580644,0.13375796,0.0
PRD-000265,Deluxe Monitor Stand,Electronics,VND-001,777.98,444.25,355,11,68,52059.079999999994,11,0,0.0,0.428969896398365,Premium,0.34375,0.1915493,0.0
PRD-000176,Ultra Casual Sneakers,Clothing,VND-005,616.99,402.91,480,15,67,41134.770000000004,15,0,0.0,0.3469748294137668,Premium,0.46875,0.13958333,0.0
PRD-000159,Deluxe Cookware Set,Home & Kitchen,VND-003,318.45,144.55,36,6,45,13520.7,6,0,0.0,0.5460825875333647,High,0.21428572,1.25,0.0
PRD-000364,Advanced Puzzle Set,Toys & Games,VND-007,257.69,127.42,125,10,55,12940.519999999999,10,0,0.0,0.5055299002677636,High,0.35714287,0.44,0.0
PRD-000100,Advanced Wireless Headphones,,VND-001,639.57,371.17,121,11,69,40506.02,11,0,0.0,0.4196569570179965,Premium,0.3548387,0.57024795,0.0
PRD-000082,Deluxe Outdoor Play Set,Toys & Games,VND-007,367.5,130.26,202,8,47,15478.88,7,0,0.0,0.6455510204081633,High,0.30769232,0.23267327,0.0
PRD-000350,Smart Fitness Tracker,Sports & Outdoors,VND-004,835.82,402.48,76,5,25,20061.940000000002,5,0,0.0,0.5184609126366921,Premium,0.16129032,0.32894737,0.0
PRD-000394,Compact Tennis Racket,Sports & Outdoors,VND-004,798.3,360.16,239,11,72,56760.89,11,0,0.0,0.5488412877364399,Premium,0.37931034,0.30125523,0.0
PRD-000331,essential gaming mouse,Electronics,VND-001,865.65,380.22,230,9,46,39205.71,9,0,0.0,0.5607693640616878,Premium,0.29032257,0.2,0.0
PRD-000268,Advanced Monitor Stand,Electronics,VND-002,603.75,376.08,253,15,67,43488.61,15,0,0.0,0.3770931677018634,Premium,0.5555556,0.26482213,0.0
PRD-000147,Smart USB Hub,Electronics,VND-001,806.32,383.48,476,15,77,60978.02,15,0,0.0,0.5244071832523067,Premium,0.42857143,0.16176471,0.0
PRD-000232,Classic Leather Belt,Clothing,VND-005,800.94,335.57,62,7,44,32552.09,7,0,0.0,0.5810297899967538,Premium,0.25925925,0.7096774,0.0
PRD-000047,Advanced Cookbook,Books & Media,VND-006,682.1,239.81,493,9,33,22847.270000000004,9,0,0.0,0.6484239847529688,Premium,0.27272728,0.06693712,0.0
PRD-000336,Smart Bluetooth Speaker,,VND-004,92.12,45.56,92,12,71,6786.120000000001,12,0,0.0,0.5054277029960921,Medium,0.4,0.7717391,0.0
PRD-000053,Deluxe Smart Watch,Electronics,VND-001,183.33,110.24,22,14,71,13191.19,14,0,0.0,0.3986799759995637,Medium,0.46666667,3.2272727,0.0
PRD-000351,Modern Makeup Brush Set,Beauty & Personal Care,VND-008,835.76,391.99,375,10,52,45773.42,10,0,0.0,0.5309777926677515,Premium,0.4347826,0.13866666,0.0
PRD-000341,Smart Wireless Headphones,Electronics,VND-002,389.02,233.99,470,15,82,31934.239999999994,15,0,0.0,0.3985142152074443,High,0.42857143,0.17446809,0.0
PRD-000084,ESSENTIAL DOLLHOUSE,Toys & Games,VND-007,484.43,332.67,304,10,29,14036.58,9,0,0.0,0.3132753958260223,High,0.29411766,0.09539474,0.0
PRD-000468,Classic Air Fryer,Home & Kitchen,VND-003,160.04,76.72,252,9,34,5837.150000000001,9,0,0.0,0.5206198450387403,Medium,0.3,0.13492064,0.0
PRD-000359,compact hiking backpack,Sports & Outdoors,VND-004,233.23,116.26,71,8,46,10646.29,8,0,0.0,0.5015221026454573,High,0.33333334,0.64788735,0.0
PRD-000077,smart bike helmet,Sports & Outdoors,VND-004,461.44,235.22,369,8,45,20485.52,8,0,0.0,0.490247919556172,High,0.2580645,0.12195122,0.0
PRD-000235,Premium Dollhouse,Toys & Games,VND-007,958.44,669.07,365,6,29,27145.53,6,0,0.0,0.3019176995951755,Premium,0.3,0.07945205,0.0
PRD-000184,COMPACT AIR FRYER,Home & Kitchen,VND-003,213.13,81.04,44,5,11,2422.9900000000002,5,0,0.0,0.619762586214986,High,0.20833333,0.25,0.0
PRD-000483,Deluxe Power Bank,Electronics,VND-001,861.97,453.8,411,7,34,26221.66,7,0,0.0,0.47353156142325137,Premium,0.21875,0.08272506,0.0
PRD-000054,Essential Children's Book,Books & Media,VND-006,890.58,376.36,410,8,35,31637.36,8,0,0.0,0.5773989984055334,Premium,0.32,0.085365854,0.0
PRD-000227,Essential Hiking Backpack,Sports & Outdoors,VND-004,346.13,116.96,147,6,18,6273.79,6,0,0.0,0.6620922774680034,High,0.20689656,0.12244898,0.0
PRD-000048,Classic Storage Container,Home & Kitchen,VND-003,368.2,198.42,432,13,71,25177.6,13,0,0.0,0.4611080934274851,High,0.3939394,0.16435185,0.0
PRD-000107,Compact Food Processor,Home & Kitchen,VND-003,961.05,358.31,352,11,54,47862.34,11,0,0.0,0.6271682014463348,Premium,0.37931034,0.1534091,0.0
PRD-000219,Professional USB Hub,Electronics,VND-002,691.16,415.95,21,11,55,36710.44,11,0,0.0,0.398185658892297,Premium,0.55,2.6190476,0.0
PRD-000242,Ultra Hair Dryer,Beauty & Personal Care,VND-008,908.13,485.15,23,9,25,20937.58,9,0,0.0,0.4657703192274234,Premium,0.3,1.0869565,0.0
PRD-000118,Compact Running Shoes,Sports & Outdoors,VND-004,787.04,347.96,65,10,49,38173.04,10,0,0.0,0.5578877820695264,Premium,0.3448276,0.75384617,0.0
PRD-000071,Deluxe Card Game,Toys & Games,VND-007,964.13,548.98,178,10,35,33800.94,10,0,0.0,0.43059545911858355,Premium,0.37037036,0.19662921,0.0
PRD-000059,smart art collection,Books & Media,VND-006,773.3,295.1,154,12,60,48101.439999999995,12,0,0.0,0.6183887236518815,Premium,0.36363637,0.38961038,0.0
PRD-000260,Smart Webcam HD,Electronics,VND-001,386.34,214.06,357,8,32,12343.349999999999,8,0,0.0,0.44592845679971005,High,0.24242425,0.08963586,0.0
PRD-000375,Modern Workout Leggings,Clothing,VND-005,444.52,220.19,429,11,46,21407.58,11,0,0.0,0.5046567083595789,High,0.31428573,0.1072261,0.0
PRD-000168,Professional Hiking Backpack,Sports & Outdoors,VND-004,971.32,508.7,381,13,54,48906.43999999998,13,0,0.0,0.47627970184903023,Premium,0.40625,0.14173229,0.0
PRD-000400,Compact Outdoor Play Set,Toys & Games,VND-007,948.71,490.58,250,13,41,40669.049999999996,13,0,0.0,0.482897829684519,Premium,0.43333334,0.164,0.0
PRD-000447,Classic Shampoo Formula,Beauty & Personal Care,VND-008,401.5,137.87,167,14,77,29903.269999999997,14,0,0.0,0.656612702366127,High,0.4516129,0.46107784,0.0
PRD-000431,Ultra Tablet Pro,Electronics,VND-002,132.23,68.3,60,8,39,5263.49,8,0,0.0,0.4834757619299705,Medium,0.2857143,0.65,0.0
PRD-000356,Premium Monitor Stand,Electronics,VND-002,37.68,14.48,464,12,75,2916.2500000000005,12,0,0.0,0.6157112526539278,Low,0.38709676,0.16163793,0.0
PRD-000441,Modern Science Kit,Toys & Games,VND-007,104.89,35.47,41,10,43,4587.8099999999995,10,0,0.0,0.661836209362189,Medium,0.4347826,1.0487804,0.0
PRD-000056,Deluxe Water Filter,Home & Kitchen,VND-003,257.11,160.49,313,14,73,18087.64,14,0,0.0,0.37579246237019176,High,0.42424244,0.23322684,0.0
PRD-000352,Modern Board Game Classic,Toys & Games,VND-007,257.51,121.3,426,9,37,9279.64,9,0,0.0,0.5289503320259407,High,0.25714287,0.08685446,0.0
PRD-000121,Compact Wool Sweater,Clothing,VND-005,948.97,423.84,384,11,50,49675.62,11,0,0.0,0.553368388884791,Premium,0.3548387,0.13020833,0.0
PRD-000066,Premium Tennis Racket,Sports & Outdoors,VND-004,720.17,428.84,333,17,54,40475.85,17,0,0.0,0.40452948609356126,Premium,0.53125,0.16216215,0.0
PRD-000165,Smart Science Kit,Toys & Games,VND-007,407.53,180.94,211,4,16,6317.5,4,0,0.0,0.5560081466395111,High,0.2857143,0.07582939,0.0
PRD-000058,Premium Cookbook,Books & Media,VND-006,770.09,385.84,485,11,57,45047.920000000006,11,0,0.0,0.4989676531314522,Premium,0.45833334,0.11752577,0.0
PRD-000098,Modern Bluetooth Speaker,Electronics,VND-002,504.6,262.97,439,7,39,19516.88,7,0,0.0,0.4788545382481173,Premium,0.25,0.08883827,0.0
PRD-000433,Modern Cookbook,Books & Media,VND-006,250.31,86.85,310,9,44,10972.08,9,0,0.0,0.6530302424993009,High,0.36,0.14193548,0.0
PRD-000337,Professional Nail Polish Set,Beauty & Personal Care,VND-008,663.06,229.36,379,8,39,26883.249999999996,8,0,0.0,0.6540886194311223,Premium,0.2857143,0.102902375,0.0
PRD-000445,Essential Webcam HD,Electronics,VND-001,964.54,295.38,50,7,52,49298.829999999994,7,0,0.0,0.6937607564227507,Premium,0.21212122,1.04,0.0
PRD-000086,Ultra Tablet Pro,Electronics,VND-002,32.35,17.37,408,8,47,1521.9500000000003,8,0,0.0,0.4630602782071097,Low,0.24242425,0.11519608,0.0
PRD-000030,Premium Kitchen Scale,Home & Kitchen,VND-003,346.47,183.19,228,10,63,20801.16,10,0,0.0,0.4712673535948279,High,0.33333334,0.27631578,0.0
PRD-000321,Ultra Gaming Mouse,Electronics,VND-001,921.69,296.45,107,9,39,33719.56,9,0,0.0,0.6783625730994152,Premium,0.29032257,0.36448598,0.0
PRD-000397,Compact USB Hub,Electronics,VND-002,14.89,8.02,390,11,54,925.23,11,0,0.0,0.46138347884486236,Low,0.39285713,0.13846155,0.0
PRD-000247,Ultra Biography,Books & Media,VND-006,693.78,217.01,120,10,64,43653.53,10,0,0.0,0.6872063190060249,Premium,0.3030303,0.53333336,0.0
PRD-000298,ESSENTIAL PERFUME ESSENCE,Beauty & Personal Care,VND-008,653.59,361.39,488,5,20,9795.710000000001,5,0,0.0,0.4470692636056244,Premium,0.1724138,0.040983606,0.0
PRD-000258,Advanced Coffee Maker,Home & Kitchen,VND-003,36.89,15.76,103,12,50,2035.87,12,0,0.0,0.5727839522905938,Low,0.41379312,0.4854369,0.0
PRD-000316,Ultra Science Kit,Toys & Games,VND-007,374.94,149.26,331,7,46,15522.51,7,0,0.0,0.6019096388755535,High,0.2413793,0.1389728,0.0
PRD-000136,Smart Building Blocks,Toys & Games,VND-007,539.48,333.78,154,8,65,36552.009999999995,7,0,0.0,0.3812930970564248,Premium,0.24242425,0.42207792,0.0
PRD-000138,Advanced Smart Watch,Electronics,VND-002,205.43,75.49,248,9,28,5599.26,9,0,0.0,0.6325268948060166,High,0.29032257,0.11290322,0.0
PRD-000474,Premium Monitor Stand,,VND-004,242.46,143.17,434,2,14,2974.17,2,0,0.0,0.40951084715004543,High,0.0952381,0.032258064,0.0
PRD-000096,Essential Sports Bra,Clothing,VND-005,511.53,216.92,158,5,31,15991.420000000002,5,0,0.0,0.5759388501163177,Premium,0.15625,0.19620253,0.0
PRD-000405,Smart Kitchen Scale,Home & Kitchen,VND-003,106.0,53.1,209,14,48,5249.860000000001,14,0,0.0,0.4990566037735849,Medium,0.5,0.22966507,0.0
PRD-000370,Compact Monitor Stand,Electronics,VND-001,115.16,59.37,76,12,67,7989.18,12,0,0.0,0.48445640847516497,Medium,0.41379312,0.8815789,0.0
PRD-000192,Smart Gaming Mouse,Electronics,VND-002,960.8,301.82,232,10,42,39343.81999999999,10,0,0.0,0.6858659450457952,Premium,0.35714287,0.18103448,0.0
PRD-000234,Ultra Swimming Goggles,Sports & Outdoors,VND-004,456.97,315.15,448,12,56,26384.28,12,0,0.0,0.3103486005645886,High,0.375,0.125,0.0
PRD-000277,Smart Outdoor Play Set,Toys & Games,VND-007,437.87,211.96,3,7,25,10898.719999999998,7,0,0.0,0.5159293854340329,High,0.2413793,8.333333,0.0
PRD-000432,Deluxe Self-Help Guide,Books & Media,VND-006,121.7,77.51,185,11,58,7239.47,11,0,0.0,0.3631059983566146,Medium,0.34375,0.31351352,0.0
PRD-000021,Premium Fitness Tracker,Sports & Outdoors,VND-004,807.46,441.17,215,14,76,62646.65,14,0,0.0,0.4536323780744557,Premium,0.4827586,0.3534884,0.0
PRD-000354,Ultra Webcam HD,Electronics,VND-001,741.96,376.86,154,6,24,16515.32,6,0,0.0,0.49207504447679123,Premium,0.21428572,0.15584415,0.0
PRD-000044,Essential Board Game Classic,Toys & Games,VND-007,465.49,275.08,173,15,65,28495.11,15,0,0.0,0.40905282605426546,High,0.48387095,0.37572256,0.0
PRD-000240,smart smart watch,Electronics,VND-001,331.66,102.22,36,15,51,16047.400000000005,15,0,0.0,0.6917927998552735,High,0.5555556,1.4166666,0.0
PRD-000068,ADVANCED PUZZLE SET,Toys & Games,VND-007,672.55,386.33,168,6,24,15349.6,6,0,0.0,0.42557430674299307,Premium,0.33333334,0.14285715,0.0
PRD-000439,Advanced Body Lotion,Beauty & Personal Care,VND-008,31.88,12.31,291,7,34,1132.7,7,0,0.0,0.6138644918444166,Low,0.23333333,0.116838485,0.0
PRD-000062,smart webcam hd,Electronics,VND-002,562.24,302.2,265,11,66,35151.03,11,0,0.0,0.4625071143995447,Premium,0.31428573,0.24905661,0.0
PRD-000484,Advanced Card Game,Toys & Games,VND-007,782.82,365.52,486,18,88,69990.12,18,0,0.0,0.5330727370276692,Premium,0.6,0.18106996,0.0
PRD-000443,Deluxe Water Filter,Home & Kitchen,VND-003,163.69,102.2,126,16,72,11573.64,16,0,0.0,0.37564909279736086,Medium,0.53333336,0.5714286,0.0
PRD-000492,Advanced Sleep Aid,Health & Wellness,VND-009,98.56,31.54,414,9,53,5289.99,9,0,0.0,0.6799918831168832,Medium,0.27272728,0.12801932,0.0
PRD-000457,Essential Mechanical Keyboard,Electronics,VND-001,386.21,240.3,67,8,62,23560.01,8,0,0.0,0.37779964268144267,High,0.27586207,0.92537314,0.0
PRD-000372,Smart Knife Set,Home & Kitchen,VND-003,90.68,28.07,61,9,11,1133.7199999999998,9,0,0.0,0.6904499338332598,Medium,0.36,0.18032786,0.0
PRD-000210,Deluxe Remote Control Car,Toys & Games,VND-007,118.26,74.97,277,13,75,8702.079999999998,13,0,0.0,0.36605783866057845,Medium,0.38235295,0.27075812,0.0
PRD-000430,ULTRA LEATHER BELT,Clothing,VND-005,972.28,443.84,472,11,32,29382.859999999997,11,0,0.0,0.5435059859299791,Premium,0.39285713,0.06779661,0.0
PRD-000017,Ultra Travel Guide,Books & Media,VND-006,432.46,153.67,248,11,73,33373.82,11,0,0.0,0.6446607778754104,High,0.31428573,0.29435483,0.0
PRD-000245,Classic Kitchen Scale,Home & Kitchen,VND-003,476.76,219.25,322,10,59,27311.809999999998,10,0,0.0,0.540125010487457,High,0.35714287,0.18322982,0.0
PRD-000120,Professional Smart Watch,Electronics,VND-001,580.51,226.69,19,12,39,22961.08,12,0,0.0,0.609498544383387,Premium,0.46153846,2.0526316,0.0
PRD-000369,Professional Denim Jeans,Clothing,VND-005,545.03,376.09,424,11,22,12812.490000000002,11,0,0.0,0.30996458910518687,Premium,0.42307693,0.051886793,0.0
PRD-000421,Smart Wool Sweater,Clothing,VND-005,537.03,348.11,157,8,37,21244.05,8,0,0.0,0.35178667858406415,Premium,0.27586207,0.2356688,0.0
PRD-000288,Premium Remote Control Car,Toys & Games,VND-007,922.24,636.03,487,9,54,47465.87,9,0,0.0,0.3103422102706454,Premium,0.2647059,0.11088296,0.0
PRD-000345,Modern Outdoor Play Set,Toys & Games,VND-007,196.06,86.61,457,9,37,7140.719999999999,9,0,0.0,0.5582474752626747,Medium,0.33333334,0.0809628,0.0
PRD-000335,Modern Water Filter,Home & Kitchen,VND-003,509.2,281.99,5,13,79,39397.479999999996,12,0,0.0,0.446209740769835,Premium,0.40625,15.8,0.0
PRD-000334,Ultra Mechanical Keyboard,,VND-005,901.18,425.03,292,4,23,20906.67,4,0,0.0,0.5283628132004705,Premium,0.33333334,0.07876712,0.0
PRD-000410,Modern Coffee Maker,Home & Kitchen,VND-003,881.36,371.21,412,6,22,17601.449999999997,6,0,0.0,0.5788213669783063,Premium,0.26086956,0.053398058,0.0
PRD-000285,Compact Perfume Essence,Beauty & Personal Care,VND-008,938.88,311.71,125,12,59,53117.02000000001,12,0,0.0,0.6679980402181324,Premium,0.375,0.472,0.0
PRD-000444,Essential Art Collection,Books & Media,VND-006,327.1,214.85,312,7,35,12623.09,7,0,0.0,0.34316722714766135,High,0.21875,0.11217949,0.0
PRD-000419,Deluxe Cotton T-Shirt,Clothing,VND-005,148.86,78.32,16,8,43,6856.380000000001,8,0,0.0,0.47386806395270736,Medium,0.2857143,2.6875,0.0
PRD-000163,Ultra Coffee Maker,Home & Kitchen,VND-003,119.35,36.43,428,5,6,791.44,5,0,0.0,0.694763301214914,Medium,0.16129032,0.014018691,0.0
PRD-000358,Classic Bluetooth Speaker,Electronics,VND-002,981.51,420.54,32,8,38,34001.13,8,0,0.0,0.5715377326772015,Premium,0.47058824,1.1875,0.0
PRD-000015,modern sports bra,Clothing,VND-005,680.53,383.51,335,10,33,21474.25,10,1,5.0,0.43645394031122803,Premium,0.29411766,0.098507464,4.49
PRD-000013,Classic Travel Guide,Books & Media,VND-006,388.71,168.1,204,10,49,19263.35,10,1,4.0,0.5675439273494379,High,0.35714287,0.24019608,3.92
PRD-000009,Premium Cookware Set,Home & Kitchen,VND-003,583.38,313.75,41,13,68,37596.76,13,2,4.5,0.46218588227227536,Premium,0.40625,1.6585366,4.36
PRD-000003,Compact Running Shorts,Clothing,VND-005,731.83,478.52,161,8,38,29409.95,8,1,4.0,0.3461322984846208,Premium,0.2962963,0.23602484,3.59
PRD-000190,Essential Stuffed Animal,Toys & Games,VND-007,665.85,437.75,36,13,63,41143.46,13,0,0.0,0.3425696478185778,Premium,0.4642857,1.75,0.0
PRD-000216,Smart Bike Helmet,Sports & Outdoors,VND-004,994.38,440.46,61,12,64,60227.3,12,0,0.0,0.5570506245097449,Premium,0.3529412,1.0491803,0.0
PRD-000131,Modern Gaming Mouse,Electronics,VND-002,66.03,33.3,183,12,72,5013.67,12,0,0.0,0.4956837800999546,Medium,0.36363637,0.39344263,0.0
PRD-000204,Deluxe Wireless Headphones,Electronics,VND-001,440.31,269.29,263,10,47,19866.52,10,0,0.0,0.3884081669732688,High,0.32258064,0.17870723,0.0
PRD-000423,DELUXE BUILDING BLOCKS,Toys & Games,VND-007,366.25,238.2,181,10,68,23456.41,10,0,0.0,0.3496245733788396,High,0.3030303,0.3756906,0.0
PRD-000436,Compact Makeup Brush Set,Beauty & Personal Care,VND-008,25.76,8.8,47,8,29,809.6599999999999,8,0,0.0,0.6583850931677019,Low,0.3478261,0.61702126,0.0
PRD-000020,Deluxe Bluetooth Speaker,Electronics,VND-002,840.83,445.91,310,6,22,18315.239999999998,6,0,0.0,0.4696787697869962,Premium,0.20689656,0.07096774,0.0
PRD-000324,Premium Biography,Books & Media,VND-006,87.02,27.7,158,12,33,2663.5900000000006,12,0,0.0,0.681682371868536,Medium,0.375,0.20886075,0.0
PRD-000027,Advanced Workout Leggings,Clothing,VND-005,443.37,309.82,486,29,163,70030.29999999999,29,0,0.0,0.30121568892798345,High,0.85294116,0.33539096,0.0
PRD-000342,Advanced Monitor Stand,Electronics,VND-001,498.39,346.79,441,5,32,15957.65,5,0,0.0,0.30417945785429074,High,0.2777778,0.07256236,0.0
PRD-000318,Compact USB Hub,Electronics,VND-001,826.67,366.15,335,14,80,65615.37000000001,14,0,0.0,0.5570783988774239,Premium,0.42424244,0.23880596,0.0
PRD-000412,Modern Tennis Racket,Sports & Outdoors,VND-004,630.13,233.76,228,16,92,56387.1,16,0,0.0,0.6290289305381429,Premium,0.5,0.40350878,0.0
PRD-000134,Classic Face Moisturizer,Beauty & Personal Care,VND-008,247.93,163.46,276,8,50,11517.16,8,0,0.0,0.34070100431573425,High,0.33333334,0.18115942,0.0
PRD-000083,Classic Children's Book,Books & Media,VND-006,737.52,419.79,303,10,42,33102.149999999994,10,0,0.0,0.4308086560364464,Premium,0.33333334,0.13861386,0.0
PRD-000033,Deluxe Wool Sweater,Clothing,VND-005,902.19,278.57,154,9,66,58809.680000000015,9,0,0.0,0.6912291202518317,Premium,0.31034482,0.42857143,0.0
PRD-000276,Deluxe Face Moisturizer,Beauty & Personal Care,VND-008,557.37,387.84,337,15,81,47330.73000000001,15,0,0.0,0.30416061144302714,Premium,0.42857143,0.24035609,0.0
PRD-000075,Advanced Running Shoes,Sports & Outdoors,VND-004,706.72,456.28,254,14,67,45283.01,14,0,0.0,0.35436948154856246,Premium,0.53846157,0.26377952,0.0
PRD-000223,Ultra Casual Sneakers,Clothing,VND-005,950.63,400.31,50,9,44,44585.88,9,0,0.0,0.5789003082166563,Premium,0.27272728,0.88,0.0
PRD-000366,modern workout leggings,Clothing,VND-005,910.94,442.17,400,10,42,38108.79,10,0,0.0,0.514600302983731,Premium,0.3448276,0.105,0.0
PRD-000269,SMART MECHANICAL KEYBOARD,Electronics,VND-001,559.13,172.43,453,12,68,37914.81,12,0,0.0,0.6916101801012287,Premium,0.38709676,0.15011038,0.0
PRD-000340,Advanced Biography,Books & Media,VND-006,719.62,272.63,142,12,65,49160.880000000005,12,0,0.0,0.6211472721714238,Premium,0.36363637,0.45774648,0.0
PRD-000486,Classic Workout Leggings,Clothing,VND-005,518.37,303.27,142,10,51,25972.520000000004,10,0,0.0,0.41495456913015805,Premium,0.2857143,0.35915494,0.0
PRD-000339,professional casual sneakers,Clothing,VND-005,435.01,173.19,423,11,44,18184.480000000003,11,0,0.0,0.6018712213512333,High,0.36666667,0.10401891,0.0
PRD-000140,Ultra Casual Sneakers,Clothing,VND-005,892.51,503.17,122,7,36,32347.909999999996,7,0,0.0,0.4362304063820013,Premium,0.2413793,0.29508197,0.0
PRD-000157,Ultra Mechanical Keyboard,,VND-004,267.2,122.35,-28,7,32,8820.42,7,0,0.0,0.5421032934131736,High,0.5,0.0,0.0
PRD-000101,Advanced Card Game,Toys & Games,VND-007,665.81,295.16,103,7,39,26504.03,6,0,0.0,0.5566903470960183,Premium,0.20588236,0.37864077,0.0
PRD-000487,Advanced Coffee Maker,Home & Kitchen,VND-003,642.2,445.4,477,4,30,18980.76,4,0,0.0,0.30644658984739964,Premium,0.15384616,0.062893085,0.0
PRD-000135,Professional Blender Pro,Home & Kitchen,VND-003,633.21,207.8,481,4,26,14429.349999999999,4,0,0.0,0.6718308302143049,Premium,0.12903225,0.054054055,0.0
PRD-000263,Compact Running Shoes,Sports & Outdoors,VND-004,136.15,55.77,129,13,72,9979.46,13,0,0.0,0.5903782592728608,Medium,0.3939394,0.55813956,0.0
PRD-000403,Deluxe Workout Leggings,Clothing,VND-005,784.22,526.96,113,16,80,61982.840000000004,16,0,0.0,0.3280457014613246,Premium,0.47058824,0.7079646,0.0
PRD-000280,Premium Kitchen Scale,Home & Kitchen,VND-003,132.9,76.57,345,9,41,5509.4,9,0,0.0,0.4238525206922499,Medium,0.36,0.11884058,0.0
PRD-000497,Essential First Aid Kit,Health & Wellness,VND-009,302.45,180.78,444,16,80,23001.829999999998,16,0,0.0,0.40228136882129273,High,0.5,0.18018018,0.0
PRD-000109,Professional Storage Container,Home & Kitchen,VND-003,301.95,97.05,47,10,17,4437.959999999999,10,0,0.0,0.678589170392449,High,0.35714287,0.3617021,0.0
PRD-000169,Essential Water Bottle,Sports & Outdoors,VND-004,330.17,119.65,86,10,50,16480.05,10,0,0.0,0.6376109277039101,High,0.3125,0.5813953,0.0
PRD-000404,Premium Food Processor,Home & Kitchen,VND-003,700.74,331.18,271,11,54,38674.219999999994,11,0,0.0,0.5273853355024688,Premium,0.42307693,0.199262,0.0
PRD-000300,Compact Power Bank,Electronics,VND-002,188.85,130.47,287,13,43,8512.620000000003,13,0,0.0,0.3091342335186656,Medium,0.37142858,0.14982578,0.0
PRD-000125,Smart Knife Set,Home & Kitchen,VND-003,981.74,551.73,14,8,50,48140.4,8,0,0.0,0.4380080265650783,Premium,0.2857143,3.5714285,0.0
PRD-000274,Classic Science Kit,Toys & Games,VND-007,866.8,308.22,174,6,24,20137.37,6,0,0.0,0.6444162436548223,Premium,0.31578946,0.13793103,0.0
PRD-000055,Essential Mechanical Keyboard,Electronics,VND-001,643.06,201.25,434,4,15,8455.76,4,0,0.0,0.6870431997014276,Premium,0.36363637,0.03456221,0.0
PRD-000424,Premium Swimming Goggles,Sports & Outdoors,VND-004,164.19,81.93,80,12,42,7218.6500000000015,12,0,0.0,0.5010049333089712,Medium,0.38709676,0.525,0.0
PRD-000381,Compact Bluetooth Speaker,,VND-006,940.6,606.49,323,9,36,34136.5,9,0,0.0,0.3552094407824793,Premium,0.29032257,0.111455105,0.0
PRD-000479,Professional Power Bank,Electronics,VND-002,252.93,170.53,282,9,44,10453.03,9,0,0.0,0.3257818368718618,High,0.29032257,0.15602838,0.0
PRD-000238,Deluxe Mystery Novel,Books & Media,VND-006,766.03,267.7,239,10,65,49713.020000000004,10,0,0.0,0.6505358797958305,Premium,0.29411766,0.27196652,0.0
PRD-000368,Professional Body Lotion,Beauty & Personal Care,VND-008,283.67,150.9,322,9,43,12936.420000000002,9,0,0.0,0.4680438537737512,High,0.27272728,0.13354038,0.0
PRD-000259,Ultra Running Shoes,Sports & Outdoors,VND-004,678.34,464.29,72,5,18,11191.39,5,0,0.0,0.31554972432703365,Premium,0.2173913,0.25,0.0
PRD-000361,Classic Mechanical Keyboard,Electronics,VND-001,656.69,287.85,387,11,74,47767.26,11,0,0.0,0.5616653215367982,Premium,0.36666667,0.19121447,0.0
PRD-000279,Deluxe Art Collection,Books & Media,VND-006,510.99,299.15,128,8,40,18874.17,8,0,0.0,0.4145677997612478,Premium,0.23529412,0.3125,0.0
PRD-000085,Essential Casual Sneakers,Clothing,VND-005,584.7,288.36,53,19,111,62667.97999999999,19,0,0.0,0.5068240123140072,Premium,0.6333333,2.0943396,0.0
PRD-000386,Ultra Winter Jacket,Clothing,VND-005,927.8,510.28,34,6,42,36460.32,6,0,0.0,0.45001077818495366,Premium,0.27272728,1.2352941,0.0
PRD-000156,Premium Cotton T-Shirt,Clothing,VND-005,630.21,298.71,276,12,51,29929.86,12,0,0.0,0.5260151378112059,Premium,0.42857143,0.18478261,0.0
PRD-000072,Essential Swimming Goggles,Sports & Outdoors,VND-004,938.03,333.99,17,5,28,24155.879999999997,5,0,0.0,0.6439452895962815,Premium,0.2631579,1.6470588,0.0
PRD-000456,Ultra Mechanical Keyboard,Electronics,VND-002,25.79,15.47,250,5,16,487.58,5,0,0.0,0.40015509887553313,Low,0.20833333,0.064,0.0
PRD-000310,Classic Coffee Maker,Home & Kitchen,VND-003,237.08,96.66,156,8,36,8343.23,8,0,0.0,0.5922895225240425,High,0.3809524,0.23076923,0.0
PRD-000061,Deluxe Hair Dryer,Beauty & Personal Care,VND-008,60.03,28.82,391,6,-2,-84.11000000000013,6,0,0.0,0.5199067133100117,Medium,0.1875,-0.0051150895,0.0
PRD-000476,Smart Yoga Mat,Sports & Outdoors,VND-004,990.59,383.98,403,14,79,78163.14,14,0,0.0,0.6123724245146832,Premium,0.5,0.19602978,0.0
PRD-000449,Classic Nail Polish Set,Beauty & Personal Care,VND-008,947.34,290.82,270,6,42,39038.48000000001,6,0,0.0,0.693014123757046,Premium,0.27272728,0.15555556,0.0
PRD-000206,DELUXE KITCHEN SCALE,Home & Kitchen,VND-003,494.31,154.94,222,3,5,2622.25,3,0,0.0,0.6865529728308146,High,0.15,0.022522522,0.0
PRD-000323,Essential Remote Control Car,Toys & Games,VND-007,919.95,391.23,205,9,47,43231.299999999996,9,0,0.0,0.5747268873308332,Premium,0.31034482,0.2292683,0.0
PRD-000333,Smart Wireless Headphones,Electronics,VND-001,927.95,281.21,58,3,15,13278.099999999999,3,0,0.0,0.6969556549383048,Premium,0.10714286,0.25862068,0.0
PRD-000380,Smart Workout Leggings,Clothing,VND-005,540.64,205.11,46,4,17,9342.64,4,0,0.0,0.6206163065995857,Premium,0.1904762,0.36956522,0.0
PRD-000174,Advanced Camping Tent,Sports & Outdoors,VND-004,142.74,92.33,391,12,64,8815.470000000001,12,0,0.0,0.35315959086450893,Medium,0.3529412,0.16368286,0.0
PRD-000246,Deluxe Bluetooth Speaker,Electronics,VND-001,72.87,46.74,147,12,63,4940.650000000001,12,0,0.0,0.3585837793330589,Medium,0.36363637,0.42857143,0.0
PRD-000313,ULTRA HAIR DRYER,Beauty & Personal Care,VND-008,792.97,365.04,379,3,28,23289.969999999998,3,0,0.0,0.5396547158152263,Premium,0.09375,0.07387863,0.0
PRD-000202,Premium Winter Jacket,Clothing,VND-005,557.86,321.85,249,8,32,18732.1,8,0,0.0,0.42306313411967156,Premium,0.30769232,0.12851405,0.0
PRD-000393,Modern Camping Tent,Sports & Outdoors,VND-004,317.37,200.51,151,13,74,23698.610000000004,13,0,0.0,0.3682137568138136,High,0.38235295,0.49006623,0.0
PRD-000367,Classic Makeup Brush Set,Beauty & Personal Care,VND-008,801.58,388.84,128,10,49,39556.939999999995,10,0,0.0,0.5149080565882382,Premium,0.3846154,0.3828125,0.0
PRD-000328,Smart USB Hub,Electronics,VND-001,163.01,61.91,239,8,43,6737.12,8,0,0.0,0.6202073492423777,Medium,0.3809524,0.17991632,0.0
PRD-000464,Deluxe Hair Dryer,Beauty & Personal Care,VND-008,691.39,453.71,164,10,59,41732.44,10,0,0.0,0.3437712434371339,Premium,0.29411766,0.3597561,0.0
PRD-000293,Deluxe Smart Watch,Electronics,VND-001,834.02,323.73,87,11,38,31544.67,11,0,0.0,0.6118438406752835,Premium,0.33333334,0.43678162,0.0
PRD-000446,ADVANCED USB HUB,Electronics,VND-001,984.55,456.52,451,12,63,60832.08999999999,12,0,0.0,0.5363160834899192,Premium,0.41379312,0.13968958,0.0
PRD-000244,Essential Hair Dryer,Beauty & Personal Care,VND-008,367.11,122.78,96,12,61,22754.54,11,0,0.0,0.665549835199259,High,0.375,0.6354167,0.0
PRD-000319,Modern Food Processor,Home & Kitchen,VND-003,189.54,111.55,477,14,51,9309.720000000001,14,0,0.0,0.4114698744328374,Medium,0.5,0.10691824,0.0
PRD-000365,DELUXE RESISTANCE BANDS,Sports & Outdoors,VND-004,45.5,14.46,153,14,94,4450.85,14,0,0.0,0.6821978021978021,Low,0.4375,0.6143791,0.0
PRD-000050,Modern Body Lotion,Beauty & Personal Care,VND-008,852.64,265.41,230,9,38,30857.049999999996,9,0,0.0,0.6887197410395947,Premium,0.34615386,0.16521738,0.0
PRD-000499,Classic First Aid Kit,Health & Wellness,VND-009,51.46,19.95,130,9,60,3368.19,9,0,0.0,0.6123202487368831,Medium,0.28125,0.46153846,0.0
PRD-000363,classic tablet pro,Electronics,VND-002,358.26,147.98,274,7,41,14025.240000000002,7,0,0.0,0.58694802657288,High,0.4117647,0.14963503,0.0
PRD-000312,Professional Air Fryer,Home & Kitchen,VND-003,819.23,565.31,273,9,51,43172.18,9,0,0.0,0.30994958680712387,Premium,0.29032257,0.18681319,0.0
PRD-000429,Premium Tablet Pro,Electronics,VND-002,202.92,79.24,268,8,52,11159.61,8,0,0.0,0.6095012812931204,High,0.2580645,0.19402985,0.0
PRD-000482,Compact Fitness Tracker,Sports & Outdoors,VND-004,574.71,353.58,59,5,20,12555.61,5,0,0.0,0.38476796993266177,Premium,0.16666667,0.33898306,0.0
PRD-000427,Essential Mystery Novel,Books & Media,VND-006,739.04,341.63,121,6,33,22906.75,6,0,0.0,0.5377381467850184,Premium,0.2,0.27272728,0.0
PRD-000035,Essential History Book,Books & Media,VND-006,756.6,326.25,344,6,26,20134.36,6,0,0.0,0.5687946074544012,Premium,0.24,0.075581394,0.0
PRD-000407,Classic Lipstick Collection,Beauty & Personal Care,VND-008,884.67,615.63,102,7,34,29629.219999999998,7,0,0.0,0.304113398216284,Premium,0.4375,0.33333334,0.0
PRD-000007,Smart Technical Manual,Books & Media,VND-006,490.55,290.06,220,8,26,12568.23,8,1,5.0,0.4087045153399246,High,0.27586207,0.11818182,4.91
PRD-000004,Premium Denim Jeans,Clothing,VND-005,997.34,605.82,305,12,48,48788.770000000004,12,1,4.0,0.39256422082740083,Premium,0.46153846,0.15737705,3.59
PRD-000014,Compact Denim Jeans,Clothing,VND-005,731.25,429.9,473,10,43,29179.75,10,1,4.0,0.41210256410256413,Premium,0.29411766,0.09090909,3.59
PRD-000012,Modern Mechanical Keyboard,Electronics,VND-002,586.67,378.9,127,12,70,39657.47,11,3,4.0,0.35415139686706326,Premium,0.7058824,0.5511811,3.49
PRD-000010,Modern Travel Guide,Books & Media,VND-006,246.29,117.06,51,7,33,8538.910000000002,7,2,3.0,0.5247066466360794,High,0.20588236,0.64705884,2.94
PRD-000396,Classic Outdoor Play Set,Toys & Games,VND-007,887.72,373.3,158,7,13,12481.11,7,0,0.0,0.5794845221466228,Premium,0.23333333,0.08227848,0.0
PRD-000374,Professional Biography,Books & Media,VND-006,513.57,242.52,432,11,62,30197.56,11,0,0.0,0.5277761551492495,Premium,0.31428573,0.14351852,0.0
PRD-000038,SMART WOOL SWEATER,Clothing,VND-005,140.48,44.58,58,9,38,4869.83,9,0,0.0,0.6826594533029613,Medium,0.34615386,0.6551724,0.0
PRD-000376,Essential Body Lotion,Beauty & Personal Care,VND-008,719.08,409.04,181,9,57,41333.87,9,0,0.0,0.43116204038493633,Premium,0.33333334,0.31491712,0.0
PRD-000384,Smart USB Hub,Electronics,VND-001,835.97,558.84,255,10,51,39437.22,10,0,0.0,0.33150711149921647,Premium,0.33333334,0.2,0.0
PRD-000237,Compact Wireless Headphones,Electronics,VND-001,977.74,585.79,67,10,56,55580.49,10,0,0.0,0.4008734428375642,Premium,0.29411766,0.8358209,0.0
PRD-000224,COMPACT MAKEUP BRUSH SET,Beauty & Personal Care,VND-008,509.74,333.31,60,10,66,32500.269999999997,10,0,0.0,0.34611762859497,Premium,0.32258064,1.1,0.0
PRD-000248,Compact Running Shoes,Sports & Outdoors,VND-004,993.72,625.49,25,10,38,36147.71,10,0,0.0,0.3705570985790766,Premium,0.3125,1.52,0.0
PRD-000104,Essential Hiking Backpack,Sports & Outdoors,VND-004,484.23,180.1,9,9,50,22259.71,9,0,0.0,0.6280693059083493,High,0.39130434,5.5555553,0.0
PRD-000041,Modern Swimming Goggles,Sports & Outdoors,VND-004,356.6,157.05,345,11,49,17276.88,11,0,0.0,0.5595905776780706,High,0.4074074,0.14202899,0.0
PRD-000193,Professional Lipstick Collection,Beauty & Personal Care,VND-008,810.8,327.97,439,11,69,55916.08,11,0,0.0,0.5954982733103108,Premium,0.32352942,0.15717539,0.0
PRD-000026,Modern Power Bank,Electronics,VND-002,475.2,293.22,411,8,38,18172.33,8,0,0.0,0.3829545454545454,High,0.24242425,0.09245742,0.0
PRD-000451,Ultra Cotton T-Shirt,Clothing,VND-005,374.39,166.76,430,5,18,7265.23,5,0,0.0,0.5545821202489383,High,0.2777778,0.041860465,0.0
PRD-000289,Professional Denim Jeans,Clothing,VND-005,887.77,498.76,476,13,47,38243.16,13,0,0.0,0.4381878189170619,Premium,0.43333334,0.0987395,0.0
PRD-000139,Modern Casual Sneakers,Clothing,VND-005,879.1,549.49,71,9,34,31198.32,9,0,0.0,0.374940279831646,Premium,0.31034482,0.47887325,0.0
PRD-000116,Premium Bike Helmet,Sports & Outdoors,VND-004,29.84,17.04,129,8,35,1113.78,8,0,0.0,0.4289544235924933,Low,0.23529412,0.27131784,0.0
PRD-000032,Professional Bluetooth Speaker,Electronics,VND-002,997.44,542.4,150,16,87,83176.03000000001,16,0,0.0,0.4562078922040424,Premium,0.47058824,0.58,0.0
PRD-000409,Ultra Stuffed Animal,Toys & Games,VND-007,760.35,328.67,49,11,43,34029.77,10,0,0.0,0.5677385414611692,Premium,0.6111111,0.877551,0.0
PRD-000112,CLASSIC SMART WATCH,Electronics,VND-001,181.14,92.0,421,9,54,10037.6,9,0,0.0,0.49210555371535825,Medium,0.34615386,0.12826604,0.0
PRD-000287,Deluxe Gaming Mouse,Electronics,VND-001,940.87,474.05,471,13,61,55094.29999999999,13,0,0.0,0.496157811387333,Premium,0.40625,0.12951168,0.0
PRD-000463,Modern Coffee Maker,Home & Kitchen,VND-003,76.23,44.97,157,14,59,4665.530000000001,14,0,0.0,0.4100747737111374,Medium,0.42424244,0.37579617,0.0
PRD-000128,Modern Makeup Brush Set,Beauty & Personal Care,VND-008,12.16,7.66,367,7,23,362.64,7,0,0.0,0.3700657894736842,Low,0.26923078,0.0626703,0.0
PRD-000465,Professional Travel Guide,Books & Media,VND-006,901.42,615.37,398,16,74,66277.22,16,0,0.0,0.3173326529253844,Premium,0.4848485,0.18592964,0.0
PRD-000320,Deluxe Cutting Board,Home & Kitchen,VND-003,769.85,393.22,196,9,52,39569.08,9,0,0.0,0.4892251737351432,Premium,0.5294118,0.26530612,0.0
PRD-000360,Compact Kitchen Scale,Home & Kitchen,VND-003,875.23,449.67,420,5,20,16104.190000000002,5,0,0.0,0.4862264776115992,Premium,0.16129032,0.04761905,0.0
PRD-000023,Deluxe Makeup Brush Set,Beauty & Personal Care,VND-008,694.86,261.7,138,6,25,17238.85,6,0,0.0,0.6233773709812048,Premium,0.18181819,0.18115942,0.0
PRD-000155,Ultra Winter Jacket,Clothing,VND-005,750.41,382.4,383,4,24,16534.23,4,0,0.0,0.49041190815687424,Premium,0.16666667,0.06266318,0.0
PRD-000256,Professional Remote Control Car,Toys & Games,VND-007,958.49,575.31,63,4,18,17646.91,4,0,0.0,0.39977464553620806,Premium,0.16666667,0.2857143,0.0
PRD-000471,Modern Fitness Tracker,Sports & Outdoors,VND-004,834.59,490.73,111,8,46,38484.560000000005,8,0,0.0,0.4120106878826729,Premium,0.26666668,0.4144144,0.0
PRD-000392,Premium Gaming Mouse,Electronics,VND-002,206.69,125.4,289,8,38,7323.899999999999,8,0,0.0,0.39329430548163913,High,0.33333334,0.13148789,0.0
PRD-000182,Compact Children's Book,Books & Media,VND-006,144.39,47.14,289,7,15,2683.35,7,0,0.0,0.6735230971673938,Medium,0.4117647,0.051903114,0.0
PRD-000498,Modern Joint Supplement,Health & Wellness,VND-009,800.52,345.87,390,12,70,52785.92999999999,12,0,0.0,0.5679433368310598,Premium,0.3529412,0.17948718,0.0
PRD-000292,PREMIUM FITNESS TRACKER,Sports & Outdoors,VND-004,871.14,605.22,166,14,56,51818.140000000014,14,0,0.0,0.3052551828638336,Premium,0.4516129,0.33734939,0.0
PRD-000452,Essential Fitness Tracker,Sports & Outdoors,VND-004,786.27,530.61,153,9,30,23945.07,9,0,0.0,0.32515548094166125,Premium,0.29032257,0.19607843,0.0
PRD-000092,Deluxe Fitness Tracker,Sports & Outdoors,VND-004,344.37,224.83,8,7,25,8216.89,7,0,0.0,0.3471266370473618,High,0.29166666,3.125,0.0
PRD-000373,Advanced Outdoor Play Set,Toys & Games,VND-007,249.01,146.79,486,9,53,13374.509999999998,9,0,0.0,0.4105056021846512,High,0.3,0.1090535,0.0
PRD-000416,smart art collection,Books & Media,VND-006,830.93,356.25,330,16,76,61767.409999999996,16,0,0.0,0.5712635240032253,Premium,0.55172414,0.23030303,0.0
PRD-000450,Classic Wireless Headphones,Electronics,VND-002,67.82,33.34,330,8,29,1853.98,8,0,0.0,0.5084046004128575,Medium,0.24242425,0.087878786,0.0
PRD-000228,Compact Stuffed Animal,Toys & Games,VND-007,825.49,336.12,92,5,22,17019.26,5,0,0.0,0.59282365625265,Premium,0.33333334,0.23913044,0.0
PRD-000377,Ultra Monitor Stand,,VND-006,45.27,21.45,416,6,10,589.22,6,0,0.0,0.5261762756792578,Low,0.42857143,0.024038462,0.0
PRD-000034,Ultra Shampoo Formula,Beauty & Personal Care,VND-008,226.8,116.2,374,8,48,10654.75,8,0,0.0,0.4876543209876543,High,0.25,0.12834224,0.0
PRD-000149,Modern Dollhouse,Toys & Games,VND-007,346.56,191.81,394,11,62,21532.93,11,0,0.0,0.4465316251154201,High,0.36666667,0.1573604,0.0
PRD-000302,Classic Mechanical Keyboard,Electronics,VND-002,540.54,250.11,161,11,49,25503.379999999997,11,0,0.0,0.5372960372960373,Premium,0.3548387,0.3043478,0.0
PRD-000230,Premium Bike Helmet,Sports & Outdoors,VND-004,791.76,272.98,32,8,49,37808.37,8,0,0.0,0.655223805193493,Premium,0.36363637,1.53125,0.0
PRD-000413,Deluxe Bike Helmet,Sports & Outdoors,VND-004,215.64,114.87,244,14,79,16776.61,14,0,0.0,0.46730662214802443,High,0.4516129,0.3237705,0.0
PRD-000459,Classic Bike Helmet,Sports & Outdoors,VND-004,327.19,189.77,31,10,46,14691.42,10,0,0.0,0.42000061126562543,High,0.2857143,1.483871,0.0
PRD-000425,Premium History Book,Books & Media,VND-006,43.87,15.52,459,11,52,2406.1400000000003,11,0,0.0,0.6462274903122863,Low,0.39285713,0.11328976,0.0
PRD-000454,Smart Mechanical Keyboard,Electronics,VND-002,958.37,528.52,51,18,96,87452.9,18,0,0.0,0.44852196959420687,Premium,0.6,1.882353,0.0
PRD-000090,Essential Lipstick Collection,Beauty & Personal Care,VND-008,692.23,245.21,272,6,21,12528.250000000002,6,0,0.0,0.6457680250783698,Premium,0.1764706,0.07720588,0.0
PRD-000095,Premium Running Shorts,Clothing,VND-005,514.42,350.72,-24,7,40,17594.77,7,0,0.0,0.31822246413436484,Premium,0.2413793,0.0,0.0
PRD-000122,Professional Webcam HD,Electronics,VND-001,57.74,33.92,215,9,40,2305.0499999999997,9,0,0.0,0.4125389677866297,Medium,0.4090909,0.18604651,0.0
PRD-000283,Smart Travel Guide,Books & Media,VND-006,487.3,243.4,119,10,58,28498.370000000003,10,0,0.0,0.5005130309870717,High,0.3030303,0.48739496,0.0
PRD-000057,Classic Winter Jacket,Clothing,VND-005,182.34,63.84,282,11,43,7712.479999999999,11,0,0.0,0.6498848305363606,Medium,0.32352942,0.15248227,0.0
PRD-000040,Professional Bluetooth Speaker,Electronics,VND-002,380.55,246.31,284,8,26,9133.17,8,0,0.0,0.3527525949283931,High,0.33333334,0.09154929,0.0
PRD-000426,Smart Blender Pro,Home & Kitchen,VND-003,671.74,289.82,380,9,25,16249.09,9,0,0.0,0.5685533093161045,Premium,0.4090909,0.065789476,0.0
PRD-000211,Classic Body Lotion,Beauty & Personal Care,VND-008,899.29,327.79,489,11,33,24864.850000000002,11,0,0.0,0.6355013399459574,Premium,0.36666667,0.06748466,0.0
PRD-000036,Professional Perfume Essence,Beauty & Personal Care,VND-008,946.79,296.43,484,7,33,32205.24,7,0,0.0,0.6869105081380242,Premium,0.23333333,0.06818182,0.0
PRD-000108,ADVANCED TRAVEL GUIDE,Books & Media,VND-006,176.2,77.61,402,8,45,8035.28,8,0,0.0,0.5595346197502837,Medium,0.30769232,0.1119403,0.0
PRD-000065,Essential Nail Polish Set,Beauty & Personal Care,VND-008,294.9,104.66,177,5,26,8495.32,5,0,0.0,0.6451000339097999,High,0.18518518,0.14689265,0.0
PRD-000418,Modern Water Filter,Home & Kitchen,VND-003,443.87,190.2,402,15,93,43035.58,15,0,0.0,0.57149615878523,High,0.625,0.23134328,0.0
PRD-000257,ESSENTIAL WORKOUT LEGGINGS,Clothing,VND-005,449.78,160.85,223,13,67,29942.52,13,0,0.0,0.6423807194628485,High,0.4642857,0.30044842,0.0
PRD-000106,Deluxe Wireless Headphones,,VND-008,65.6,29.48,410,5,23,1630.6499999999999,5,0,0.0,0.5506097560975609,Medium,0.15151516,0.05609756,0.0
PRD-000249,Professional Smart Watch,Electronics,VND-002,711.07,416.74,212,6,28,19343.07,6,0,0.0,0.4139254925675391,Premium,0.18181819,0.13207547,0.0
PRD-000037,Professional Power Bank,Electronics,VND-002,365.08,222.61,170,7,41,15213.810000000001,7,0,0.0,0.39024323435959235,High,0.25,0.24117647,0.0
PRD-000046,Compact Wireless Headphones,Electronics,VND-001,618.85,246.98,77,9,43,27117.370000000003,9,0,0.0,0.6009049042578977,Premium,0.2647059,0.5584416,0.0
PRD-000208,Classic Cookbook,Books & Media,VND-006,701.06,367.57,186,17,87,63503.42000000001,16,0,0.0,0.47569394916269647,Premium,0.5,0.46774194,0.0
PRD-000146,Essential Puzzle Set,Toys & Games,VND-007,569.01,272.35,129,8,41,22792.719999999998,8,0,0.0,0.5213616632396618,Premium,0.33333334,0.31782946,0.0
PRD-000024,Premium Tennis Racket,Sports & Outdoors,VND-004,24.0,15.09,6,10,60,1603.85,10,0,0.0,0.37125,Low,0.35714287,10.0,0.0
PRD-000088,Ultra Dollhouse,Toys & Games,VND-007,428.8,199.93,443,6,4,1691.6799999999996,6,0,0.0,0.5337453358208956,High,0.27272728,0.009029346,0.0
PRD-000060,Classic Remote Control Car,Toys & Games,VND-007,325.91,162.79,443,5,4,2009.58,5,0,0.0,0.5005062747384248,High,0.25,0.009029346,0.0
PRD-000460,Essential Kitchen Scale,Home & Kitchen,VND-003,605.53,201.02,128,12,74,42981.23,12,0,0.0,0.6680263570756197,Premium,0.375,0.578125,0.0
PRD-000495,Compact USB Hub,Electronics,VND-010,800.84,498.07,295,9,36,27971.49,9,0,0.0,0.37806553119224817,Premium,0.36,0.1220339,0.0
PRD-000343,Ultra Workout Leggings,Clothing,VND-005,793.7,340.31,494,10,55,45996.86,10,0,0.0,0.5712359833690311,Premium,0.3125,0.11133603,0.0
PRD-000458,PROFESSIONAL AIR FRYER,Home & Kitchen,VND-003,74.3,28.22,316,10,59,4877.43,9,0,0.0,0.6201884253028264,Medium,0.3030303,0.18670887,0.0
PRD-000045,Deluxe Swimming Goggles,Sports & Outdoors,VND-004,84.59,27.28,319,11,78,6834.42,10,0,0.0,0.6775032509752926,Medium,0.39285713,0.24451411,0.0
PRD-000078,Professional Building Blocks,Toys & Games,VND-007,569.34,380.13,87,9,34,19751.69,9,0,0.0,0.3323321740963221,Premium,0.5294118,0.3908046,0.0
PRD-000271,Smart Denim Jeans,Clothing,VND-005,217.14,120.57,265,11,51,10089.22,11,0,0.0,0.4447361149488809,High,0.31428573,0.19245283,0.0
PRD-000462,Advanced Building Blocks,Toys & Games,VND-007,387.63,159.34,111,10,65,23952.839999999997,10,0,0.0,0.5889379047029384,High,0.3846154,0.5855856,0.0
PRD-000282,Deluxe Hiking Backpack,Sports & Outdoors,VND-004,408.11,150.42,111,15,94,36395.55,15,0,0.0,0.63142290068854,High,0.44117647,0.8468468,0.0
PRD-000303,Professional Coffee Maker,Home & Kitchen,VND-003,979.68,364.7,178,23,129,123975.41999999998,23,0,0.0,0.6277355871304916,Premium,0.8518519,0.7247191,0.0
PRD-000063,Premium Workout Leggings,Clothing,VND-005,118.5,37.05,369,9,46,5084.95,9,0,0.0,0.6873417721518987,Medium,0.27272728,0.124661244,0.0
PRD-000415,Compact Travel Guide,Books & Media,VND-006,221.07,124.11,80,10,57,12044.73,10,0,0.0,0.4385941104627493,High,0.32258064,0.7125,0.0
PRD-000022,Smart Workout Leggings,Clothing,VND-005,286.13,168.25,181,4,19,5743.780000000001,4,0,0.0,0.41198056827316254,High,2.0,0.10497238,0.0
PRD-000091,Essential Water Bottle,Sports & Outdoors,VND-004,398.76,236.21,142,5,19,7396.1900000000005,5,0,0.0,0.40763867990771385,High,0.2173913,0.13380282,0.0
PRD-000290,Premium Coffee Maker,Home & Kitchen,VND-003,456.14,179.68,467,9,44,20403.190000000002,9,0,0.0,0.6060858508352699,High,0.6,0.09421842,0.0
PRD-000123,Compact Bike Helmet,Sports & Outdoors,VND-004,364.33,241.15,45,7,41,14406.08,7,0,0.0,0.33810007410863774,High,0.23333333,0.9111111,0.0
PRD-000153,Compact Tennis Racket,Sports & Outdoors,VND-004,184.83,74.65,203,12,69,13325.420000000002,12,0,0.0,0.596115349239842,Medium,0.4,0.33990148,0.0
PRD-000291,Modern Power Bank,Electronics,VND-001,381.9,184.37,161,9,51,20163.65,9,0,0.0,0.5172296412673474,High,0.32142857,0.3167702,0.0
PRD-000212,Deluxe History Book,Books & Media,VND-006,668.89,327.46,476,6,32,20188.300000000003,6,0,0.0,0.5104426736832663,Premium,0.18181819,0.067226894,0.0
PRD-000251,Essential Casual Sneakers,Clothing,VND-005,901.2,457.98,176,7,15,14807.16,7,0,0.0,0.49181091877496674,Premium,0.23333333,0.08522727,0.0
PRD-000299,Deluxe Gaming Mouse,Electronics,VND-002,232.68,145.46,359,12,62,14599.04,12,0,0.0,0.3748495788206979,High,0.34285715,0.17270195,0.0
PRD-000087,Modern Casual Sneakers,Clothing,VND-005,195.08,67.72,178,8,43,8367.44,8,0,0.0,0.6528603649784704,Medium,0.2962963,0.24157304,0.0
PRD-000411,Compact Stuffed Animal,Toys & Games,VND-007,647.4,362.54,247,10,67,40521.34,10,0,0.0,0.44000617856039537,Premium,0.3448276,0.27125505,0.0
PRD-000422,Essential Cotton T-Shirt,Clothing,VND-005,145.93,50.88,204,8,40,5631.83,8,0,0.0,0.651339683409854,Medium,0.2857143,0.19607843,0.0
PRD-000307,Ultra USB Hub,Electronics,VND-001,305.36,200.58,78,16,82,24244.479999999996,16,0,0.0,0.3431359706575845,High,0.516129,1.051282,0.0
PRD-000297,Modern Science Kit,Toys & Games,VND-007,867.19,390.78,107,8,34,29887.140000000003,8,0,0.0,0.5493721099182417,Premium,0.33333334,0.317757,0.0
PRD-000005,Compact Monitor Stand,Electronics,VND-001,913.49,362.06,-21,13,66,61456.53,13,2,4.5,0.603651928318865,Premium,0.5652174,0.0,4.25
PRD-000018,essential swimming goggles,Sports & Outdoors,VND-004,471.26,233.41,482,8,54,24235.659999999996,8,1,2.0,0.504710775368162,High,0.26666668,0.112033196,1.83
PRD-000006,Classic Water Filter,Home & Kitchen,VND-003,173.47,67.32,191,14,71,11752.98,14,2,5.0,0.6119213696892835,Medium,0.4117647,0.37172773,4.84
PRD-000011,Classic Wool Sweater,Clothing,VND-005,744.98,444.37,433,4,18,14106.599999999999,4,1,4.0,0.40351418830035707,Premium,0.121212125,0.04157044,3.59
PRD-000434,essential card game,Toys & Games,VND-007,853.7,376.44,484,14,77,60678.19,14,0,0.0,0.5590488461988989,Premium,0.4117647,0.1590909,0.0
PRD-000435,Ultra Body Lotion,Beauty & Personal Care,VND-008,651.79,392.79,116,11,63,38452.49,11,0,0.0,0.3973672501879439,Premium,0.47826087,0.54310346,0.0
PRD-000250,Compact Stuffed Animal,Toys & Games,VND-007,918.83,607.35,35,8,51,48899.97,8,0,0.0,0.33899633229215415,Premium,0.2857143,1.4571428,0.0
PRD-000304,Modern Cookware Set,Home & Kitchen,VND-003,660.98,278.98,214,9,40,24946.3,9,0,0.0,0.5779297406880692,Premium,0.29032257,0.18691589,0.0
PRD-000218,Compact Tennis Racket,Sports & Outdoors,VND-004,797.15,482.62,59,17,86,64261.89,17,0,0.0,0.39456814903092263,Premium,0.53125,1.4576272,0.0
PRD-000167,Premium Monitor Stand,Electronics,VND-002,821.31,264.18,222,22,110,90654.14000000003,22,0,0.0,0.6783431347481461,Premium,0.62857145,0.4954955,0.0
PRD-000399,Ultra Mechanical Keyboard,Electronics,VND-002,659.3,330.19,334,11,60,40861.5,11,0,0.0,0.4991809494918853,Premium,0.36666667,0.17964073,0.0
PRD-000469,Ultra Smart Watch,Electronics,VND-001,483.9,146.55,391,10,59,27729.58,10,0,0.0,0.6971481711097334,High,0.3448276,0.15089513,0.0
PRD-000102,Professional Tablet Pro,Electronics,VND-002,49.92,17.4,89,10,43,2039.0499999999997,10,0,0.0,0.6514423076923077,Low,0.3030303,0.48314607,0.0
PRD-000488,Essential Sports Bra,Clothing,VND-005,631.82,241.33,21,20,109,67672.37999999999,20,0,0.0,0.6180399480864803,Premium,0.625,5.1904764,0.0
PRD-000485,Compact Monitor Stand,Electronics,VND-001,653.66,219.89,446,12,63,39493.02,12,0,0.0,0.6636018725331212,Premium,0.4,0.1412556,0.0
PRD-000490,Smart Sunscreen SPF50,Beauty & Personal Care,VND-008,116.3,55.2,227,12,37,4618.24,12,0,0.0,0.52536543422184,Medium,0.34285715,0.16299559,0.0
PRD-000132,Classic Children's Book,Books & Media,VND-006,624.35,326.31,150,12,53,31275.990000000005,12,0,0.0,0.477360454873068,Premium,0.375,0.35333332,0.0
PRD-000270,Smart Water Bottle,Sports & Outdoors,VND-004,664.29,355.35,98,13,56,36177.06,12,0,0.0,0.4650679673034367,Premium,0.40625,0.5714286,0.0
PRD-000440,Premium Fitness Tracker,Sports & Outdoors,VND-004,590.99,255.73,82,17,117,71052.05,17,0,0.0,0.5672854024602785,Premium,0.5862069,1.4268292,0.0
PRD-000117,Modern Self-Help Guide,Books & Media,VND-006,73.19,29.55,123,7,31,2261.28,7,0,0.0,0.5962563191692855,Medium,0.29166666,0.25203252,0.0
PRD-000401,Ultra Cookbook,Books & Media,VND-006,734.58,263.49,176,4,28,22508.199999999997,4,0,0.0,0.6413052356448583,Premium,0.16,0.1590909,0.0
PRD-000305,compact power bank,Electronics,VND-002,173.45,100.78,69,8,39,7092.83,8,0,0.0,0.41896800230614006,Medium,0.24242425,0.5652174,0.0
PRD-000329,Classic Fitness Tracker,Sports & Outdoors,VND-004,549.62,183.26,404,11,48,27334.28,11,0,0.0,0.6665696299261308,Premium,0.42307693,0.11881188,0.0
PRD-000239,Smart Smart Watch,,VND-003,220.26,73.22,13,14,67,14084.780000000002,14,0,0.0,0.6675746844638155,High,0.42424244,5.1538463,0.0
PRD-000113,Modern Water Filter,Home & Kitchen,VND-003,925.67,533.38,242,6,30,26440.92,6,0,0.0,0.4237903356487733,Premium,0.21428572,0.12396694,0.0
PRD-000052,Compact Wool Sweater,Clothing,VND-005,574.95,341.05,199,9,50,24744.57,9,0,0.0,0.4068179841725368,Premium,0.27272728,0.2512563,0.0
PRD-000402,Essential Denim Jeans,Clothing,VND-005,264.28,108.55,406,11,51,12855.0,11,0,0.0,0.5892613894354471,High,0.32352942,0.12561576,0.0
PRD-000160,Compact Webcam HD,Electronics,VND-002,936.84,284.4,341,5,33,29105.43,5,0,0.0,0.6964262841040093,Premium,0.20833333,0.09677419,0.0
PRD-000243,Deluxe Food Processor,Home & Kitchen,VND-003,320.8,118.28,40,8,47,14414.329999999998,8,0,0.0,0.6312967581047382,High,0.2580645,1.175,0.0
PRD-000346,Modern Tablet Pro,Electronics,VND-001,652.13,221.99,348,11,65,43841.14000000001,11,0,0.0,0.6595924125557787,Premium,0.33333334,0.18678162,0.0
PRD-000093,Classic Art Collection,Books & Media,VND-006,173.86,68.08,115,7,33,5710.42,7,0,0.0,0.6084205682733234,Medium,0.4117647,0.28695652,0.0
PRD-000179,Modern Monitor Stand,Electronics,VND-001,117.79,75.07,383,10,51,5910.74,10,0,0.0,0.36267934459631557,Medium,0.35714287,0.13315926,0.0
PRD-000470,Compact Water Bottle,Sports & Outdoors,VND-004,746.8,285.16,133,9,38,25341.580000000005,9,0,0.0,0.6181574718800213,Premium,0.28125,0.2857143,0.0
PRD-000089,Deluxe Webcam HD,Electronics,VND-001,542.22,352.4,277,7,28,13672.67,7,0,0.0,0.3500793036037034,Premium,0.28,0.10108303,0.0
PRD-000199,Professional Nail Polish Set,Beauty & Personal Care,VND-008,340.1,168.21,331,10,48,16065.250000000002,10,0,0.0,0.5054101734783887,High,0.2857143,0.1450151,0.0
PRD-000254,Compact Makeup Brush Set,Beauty & Personal Care,VND-008,510.72,177.27,189,10,64,32288.969999999998,10,0,0.0,0.6529017857142858,Premium,0.35714287,0.33862433,0.0
PRD-000389,Professional Tennis Racket,Sports & Outdoors,VND-004,564.87,209.91,394,5,8,4390.27,5,0,0.0,0.6283923734664614,Premium,0.2631579,0.020304568,0.0
PRD-000183,Essential Air Fryer,Home & Kitchen,VND-003,708.2,256.11,154,6,30,18681.600000000002,6,0,0.0,0.6383648686811635,Premium,0.1764706,0.19480519,0.0
PRD-000273,Classic Bluetooth Speaker,Electronics,VND-002,517.65,344.21,128,6,30,16557.589999999997,6,0,0.0,0.33505264174635374,Premium,0.19354838,0.234375,0.0
PRD-000129,Premium Webcam HD,Electronics,VND-002,143.28,99.12,90,6,32,4130.05,6,0,0.0,0.3082077051926298,Medium,0.25,0.35555556,0.0
PRD-000016,Professional Bike Helmet,Sports & Outdoors,VND-004,34.17,16.6,124,13,33,1245.26,13,1,5.0,0.5141937371963711,Low,0.43333334,0.26612905,4.57
PRD-000002,Professional Card Game,Toys & Games,VND-007,271.87,150.69,98,8,17,4988.16,8,1,3.0,0.4457277375216096,High,0.30769232,0.1734694,2.8
PRD-000355,Compact Hair Dryer,Beauty & Personal Care,VND-008,410.5,280.63,325,11,78,31039.030000000002,11,0,0.0,0.31637028014616325,High,0.32352942,0.24,0.0
PRD-000296,Classic Perfume Essence,Beauty & Personal Care,VND-008,68.21,41.14,200,9,60,4079.13,9,0,0.0,0.3968626301128866,Medium,0.27272728,0.3,0.0
PRD-000217,Professional Monitor Stand,Electronics,VND-001,518.72,233.01,154,12,65,33232.12,12,0,0.0,0.5507981184454042,Premium,0.36363637,0.42207792,0.0
PRD-000105,Classic Leather Belt,Clothing,VND-005,999.6,665.33,294,14,58,58379.91,14,0,0.0,0.3344037615046018,Premium,0.42424244,0.19727892,0.0
PRD-000025,Smart Food Processor,Home & Kitchen,VND-003,993.97,546.89,440,11,51,48080.86000000001,11,0,0.0,0.4497922472509231,Premium,0.36666667,0.11590909,0.0
PRD-000278,Essential Travel Guide,Books & Media,VND-006,420.89,279.26,22,11,65,25438.440000000002,11,0,0.0,0.3365012235976146,High,0.37931034,2.9545455,0.0
PRD-000315,Advanced Running Shorts,Clothing,VND-005,331.38,172.43,336,5,29,9718.060000000001,5,0,0.0,0.4796608123604321,High,0.14705883,0.08630952,0.0
PRD-000262,Advanced Biography,Books & Media,VND-006,29.57,10.18,252,7,43,1249.1399999999999,7,0,0.0,0.6557321609739601,Low,0.20588236,0.17063493,0.0
PRD-000420,Modern Power Bank,Electronics,VND-002,754.38,476.23,331,13,71,52239.47999999999,13,0,0.0,0.3687133805244041,Premium,0.38235295,0.21450152,0.0
PRD-000029,classic coffee maker,Home & Kitchen,VND-003,130.2,51.75,58,5,22,2632.4700000000003,5,0,0.0,0.6025345622119815,Medium,0.22727273,0.37931034,0.0
PRD-000466,Essential USB Hub,Electronics,VND-002,528.26,275.81,14,10,58,29062.15,10,0,0.0,0.47788967553856054,Premium,0.3448276,4.142857,0.0
PRD-000477,Modern Perfume Essence,Beauty & Personal Care,VND-008,801.93,545.64,97,7,31,23539.49,7,0,0.0,0.319591485541132,Premium,0.25,0.31958762,0.0
PRD-000253,Smart Running Shorts,Clothing,VND-005,524.46,266.2,41,8,41,21676.09,8,0,0.0,0.4924303092704878,Premium,0.25,1.0,0.0
PRD-000111,Smart Building Blocks,Toys & Games,VND-007,445.33,235.62,211,7,48,21175.64,7,0,0.0,0.4709092133923158,High,0.26923078,0.22748815,0.0
PRD-000236,DELUXE AIR FRYER,Home & Kitchen,VND-003,621.49,303.52,351,10,43,27129.359999999997,10,0,0.0,0.5116252876152473,Premium,0.3125,0.122507125,0.0
PRD-000151,Smart Hair Dryer,Beauty & Personal Care,VND-008,377.47,182.27,295,10,57,21373.68,10,0,0.0,0.5171271889156754,High,0.3448276,0.19322033,0.0
PRD-000209,Classic Mechanical Keyboard,Electronics,VND-002,872.41,419.45,176,8,56,47032.33,8,0,0.0,0.5192054194702033,Premium,0.22857143,0.3181818,0.0
PRD-000221,Professional Knife Set,Home & Kitchen,VND-003,235.27,91.84,20,16,62,14340.73,16,0,0.0,0.6096399880987802,High,0.47058824,3.1,0.0
PRD-000473,smart webcam hd,Electronics,VND-002,95.22,62.75,110,8,47,4518.28,8,0,0.0,0.3409997899600924,Medium,0.61538464,0.42727274,0.0
PRD-000080,Compact Art Collection,Books & Media,VND-006,785.7,349.07,408,10,56,44686.53,10,0,0.0,0.5557210131093293,Premium,0.29411766,0.13725491,0.0
PRD-000189,Essential Nail Polish Set,Beauty & Personal Care,VND-008,306.73,198.23,436,11,53,15642.400000000001,11,0,0.0,0.35373129462393643,High,0.42307693,0.121559635,0.0
PRD-000382,Essential Tablet Pro,Electronics,VND-001,919.77,482.33,154,11,59,53325.52,11,0,0.0,0.4755971601596051,Premium,0.3548387,0.38311687,0.0
PRD-000309,Advanced USB Hub,Electronics,VND-002,23.5,13.31,389,13,83,2009.8800000000003,13,0,0.0,0.43361702127659574,Low,0.41935483,0.21336761,0.0
PRD-000453,Essential Swimming Goggles,Sports & Outdoors,VND-004,983.79,604.82,66,6,25,25305.09,6,0,0.0,0.3852143241952042,Premium,0.24,0.37878788,0.0
PRD-000094,Ultra Power Bank,,VND-003,151.41,93.33,226,8,51,7554.84,8,0,0.0,0.383594214384783,Medium,0.30769232,0.22566372,0.0
PRD-000197,Essential Storage Container,Home & Kitchen,VND-003,642.38,358.57,30,9,37,22813.399999999998,9,0,0.0,0.4418101435287525,Premium,0.33333334,1.2333333,0.0
PRD-000379,Deluxe Sunscreen SPF50,Beauty & Personal Care,VND-008,707.76,470.62,400,6,22,16075.09,6,0,0.0,0.3350570814965525,Premium,0.24,0.055,0.0
